date,kospi,kospi_ret
2020-10-05,2358.0,
2020-10-06,2365.89990234375,0.003344655844349731
2020-10-07,2386.93994140625,0.008853728379434322
2020-10-08,2391.9599609375,0.002100910870824535
2020-10-12,2403.72998046875,0.0049085922182445785
2020-10-13,2403.14990234375,-0.00024135328610608298
2020-10-14,2380.47998046875,-0.009478196325839683
2020-10-15,2361.2099609375,-0.008127956849405038
2020-10-16,2341.530029296875,-0.00836960859564062
2020-10-19,2346.739990234375,0.0022225524811707587
2020-10-20,2358.409912109375,0.004960499047602873
2020-10-21,2370.860107421875,0.0052651779336754245
2020-10-22,2355.050048828125,-0.006690824434616438
2020-10-23,2360.81005859375,0.0024428259103421723
2020-10-26,2343.909912109375,-0.007184367733469088
2020-10-27,2330.840087890625,-0.00559168223890083
2020-10-28,2345.260009765625,0.00616751877971744
2020-10-29,2326.669921875,-0.007958246924694379
2020-10-30,2267.14990234375,-0.025914534189669602
2020-11-02,2300.159912109375,0.014455154520089941
2020-11-03,2343.31005859375,0.018585837261547056
2020-11-04,2357.320068359375,0.005960924757570041
2020-11-05,2413.7900390625,0.023672732989422407
2020-11-06,2416.5,0.0011220697721725514
2020-11-09,2447.199951171875,0.01262428159890483
2020-11-10,2452.830078125,0.002297997929438189
2020-11-11,2485.8701171875,0.013380254191395657
2020-11-12,2475.6201171875,-0.004131828986107422
2020-11-13,2493.8701171875,0.007344850752629917
2020-11-16,2543.030029296875,0.019520527191645876
2020-11-17,2539.14990234375,-0.0015269540863256381
2020-11-18,2545.639892578125,0.0025527087727770237
2020-11-19,2547.419921875,0.0006990019493988697
2020-11-20,2553.5,0.0023839154888030123
2020-11-23,2602.590087890625,0.019042169706486867
2020-11-24,2617.760009765625,0.0058118571711078815
2020-11-25,2601.5400390625,-0.006215401593233416
2020-11-26,2625.909912109375,0.009323876774784523
2020-11-27,2633.449951171875,0.002867285914737394
2020-11-30,2591.340087890625,-0.016119604725618686
2020-12-01,2634.25,0.01642336114367371
2020-12-02,2675.89990234375,0.01568722436773129
2020-12-03,2696.219970703125,0.007565045363516987
2020-12-04,2731.449951171875,0.012981804620439519
2020-12-07,2745.43994140625,0.005108746363777783
2020-12-08,2700.929931640625,-0.01634519937517709
2020-12-09,2755.469970703125,0.01999188349555947
2020-12-10,2746.4599609375,-0.003275220852253291
2020-12-11,2770.06005859375,0.008556206285903478
2020-12-14,2762.199951171875,-0.0028415557825667292
2020-12-15,2756.820068359375,-0.0019495796346005179
2020-12-16,2771.7900390625,0.0054154686251965956
2020-12-17,2770.429931640625,-0.0004908168410384661
2020-12-18,2772.179931640625,0.0006314714913440156
2020-12-21,2778.64990234375,0.0023311734737507805
2020-12-22,2733.679931640625,-0.016316501277201745
2020-12-23,2759.820068359375,0.009516823158629784
2020-12-24,2806.860107421875,0.016900974114888
2020-12-28,2808.60009765625,0.0006197142269792622
2020-12-29,2820.510009765625,0.0042315498022516
2020-12-30,2873.469970703125,0.01860262536120061
2021-01-04,2944.449951171875,0.02440167737769272
2021-01-05,2990.570068359375,0.01554200168025588
2021-01-06,2968.2099609375,-0.0075049631849504195
2021-01-07,3031.679931640625,0.021157834406017706
2021-01-08,3152.179931640625,0.03897735651286993
2021-01-11,3148.449951171875,-0.0011840025438303314
2021-01-12,3125.949951171875,-0.007172031364410358
2021-01-13,3148.2900390625,0.0071212393324504575
2021-01-14,3149.929931640625,0.0005207479646038848
2021-01-15,3085.89990234375,-0.020536891303549965
2021-01-18,3013.929931640625,-0.023598465059755824
2021-01-19,3092.659912109375,0.025786681299798886
2021-01-20,3114.550048828125,0.007053161598843616
2021-01-21,3160.840087890625,0.014753147663244093
2021-01-22,3140.6298828125,-0.006414463440547635
2021-01-25,3208.989990234375,0.021532863419505333
2021-01-26,3140.31005859375,-0.021634703023773127
2021-01-27,3122.56005859375,-0.0056683428503649935
2021-01-28,3069.050048828125,-0.017285113603419333
2021-01-29,2976.2099609375,-0.030717417494010135
2021-02-01,3056.530029296875,0.02662962929902868
2021-02-02,3096.81005859375,0.013092273164993173
2021-02-03,3129.679931640625,0.010558172725025017
2021-02-04,3087.550048828125,-0.013552829092075669
2021-02-05,3120.6298828125,0.01065695499260677
2021-02-08,3091.239990234375,-0.009462565210275997
2021-02-09,3084.669921875,-0.0021276446487590306
2021-02-10,3100.580078125,0.005144558858729553
2021-02-15,3147.0,0.014860402120495664
2021-02-16,3163.25,0.005150362004965103
2021-02-17,3133.72998046875,-0.009375997979859108
2021-02-18,3086.659912109375,-0.015134410421289601
2021-02-19,3107.6201171875,0.00676762593178637
2021-02-22,3079.75,-0.009008772757926664
2021-02-23,3070.090087890625,-0.0031415191016037625
2021-02-24,2994.97998046875,-0.024769358530882357
2021-02-25,3099.68994140625,0.03436454036020642
2021-02-26,3012.949951171875,-0.02838243853933875
2021-03-02,3043.8701171875,0.010210121574131037
2021-03-03,3082.989990234375,0.012770131514809435
2021-03-04,3043.489990234375,-0.012895022090333441
2021-03-05,3026.260009765625,-0.00567734313563939
2021-03-08,2996.110107421875,-0.01001272045571433
2021-03-09,2976.1201171875,-0.006694338341092454
2021-03-10,2958.1201171875,-0.0060665070818872735
2021-03-11,3013.699951171875,0.018614572514668026
2021-03-12,3054.389892578125,0.013411321301624923
2021-03-15,3045.7099609375,-0.00284583456242693
2021-03-16,3067.169921875,0.007021256595910685
2021-03-17,3047.5,-0.006433704509088756
2021-03-18,3066.010009765625,0.006055462834742897
2021-03-19,3039.530029296875,-0.00867413736706446
2021-03-22,3035.4599609375,-0.0013399426089222288
2021-03-23,3004.739990234375,-0.010171926700794032
2021-03-24,2996.35009765625,-0.0027961246778449578
2021-03-25,3008.330078125,0.003990219633131176
2021-03-26,3041.010009765625,0.010804566806569937
2021-03-29,3036.0400390625,-0.0016356527496839135
2021-03-30,3070.0,0.011123514055682904
2021-03-31,3061.419921875,-0.0027987265054036925
2021-04-01,3087.39990234375,0.008450446041321058
2021-04-02,3112.800048828125,0.008193377239422261
2021-04-05,3120.830078125,0.0025763587428286883
2021-04-06,3127.080078125,0.0020006696410241886
2021-04-07,3137.409912109375,0.0032979040154561545
2021-04-08,3143.260009765625,0.0018628902396873315
2021-04-09,3131.8798828125,-0.0036270552127604105
2021-04-12,3135.590087890625,0.0011839563743798465
2021-04-13,3169.080078125,0.010623967423990521
2021-04-14,3182.3798828125,0.004187958109806544
2021-04-15,3194.330078125,0.0037480799269520304
2021-04-16,3198.6201171875,0.001342115791738152
2021-04-19,3198.840087890625,6.876813490386269e-05
2021-04-20,3220.699951171875,0.006810440511427984
2021-04-21,3171.659912109375,-0.015343629651624724
2021-04-22,3177.52001953125,0.0018459420425944728
2021-04-23,3181.080078125,0.0011197618692975198
2021-04-26,3217.530029296875,0.01139320722524495
2021-04-27,3215.419921875,-0.0006560310630643329
2021-04-28,3181.469970703125,-0.010614617573054375
2021-04-29,3174.070068359375,-0.002328647335131606
2021-04-30,3147.860107421875,-0.008291806577627625
2021-05-03,3127.199951171875,-0.0065848711279148375
2021-05-04,3147.3701171875,0.006429200813126812
2021-05-06,3160.429931640625,0.004140851965198422
2021-05-07,3197.199951171875,0.011567338836648844
2021-05-10,3249.300048828125,0.016164192057363636
2021-05-11,3209.429931640625,-0.012346273573445643
2021-05-12,3161.659912109375,-0.014996151656248458
2021-05-13,3122.110107421875,-0.01258808862140981
2021-05-14,3153.320068359375,0.009946798031634785
2021-05-17,3134.52001953125,-0.005979829189953989
2021-05-18,3173.050048828125,0.01221722727754404
2021-05-20,3162.280029296875,-0.003399990142105125
2021-05-21,3156.419921875,-0.0018548464548970856
2021-05-24,3144.300048828125,-0.0038471438348608444
2021-05-25,3171.320068359375,0.008556621166981415
2021-05-26,3168.429931640625,-0.0009117510687222108
2021-05-27,3165.510009765625,-0.0009219923487915338
2021-05-28,3188.72998046875,0.0073085291382870565
2021-05-31,3203.919921875,0.004752323442231088
2021-06-01,3221.8701171875,0.00558693698194368
2021-06-02,3224.22998046875,0.0007321832894078284
2021-06-03,3247.429931640625,0.007169737245130037
2021-06-04,3240.080078125,-0.0022658482681681136
2021-06-07,3252.1201171875,0.00370908243845669
2021-06-08,3247.830078125,-0.001320022325256076
2021-06-09,3216.179931640625,-0.00979280643782765
2021-06-10,3224.639892578125,0.0026269841522044146
2021-06-11,3249.320068359375,0.007624481921586934
2021-06-14,3252.1298828125,0.0008643655335873746
2021-06-15,3258.6298828125,0.0019966954375512103
2021-06-16,3278.679931640625,0.0061340558318825344
2021-06-17,3264.9599609375,-0.004193381981036026
2021-06-18,3267.929931640625,0.0009092364808136466
2021-06-21,3240.7900390625,-0.008339596724349363
2021-06-22,3263.8798828125,0.007099496518677029
2021-06-23,3276.18994140625,0.003764508166518965
2021-06-24,3286.10009765625,0.0030203370240382554
2021-06-25,3302.840087890625,0.005081250028252882
2021-06-28,3301.889892578125,-0.00028773176855523275
2021-06-29,3286.679931640625,-0.004617083331618588
2021-06-30,3296.679931640625,0.0030379647774694263
2021-07-01,3282.06005859375,-0.004444588822712703
2021-07-02,3281.780029296875,-8.532483829526427e-05
2021-07-05,3293.2099609375,0.00347679408529622
2021-07-06,3305.2099609375,0.003637238421193345
2021-07-07,3285.340087890625,-0.0060298254632318304
2021-07-08,3252.679931640625,-0.009990923192674472
2021-07-09,3217.949951171875,-0.010734755226653903
2021-07-12,3246.469970703125,0.008823747503894808
2021-07-13,3271.3798828125,0.007643635232341239
2021-07-14,3264.81005859375,-0.0020102923844582676
2021-07-15,3286.219970703125,0.006536373132258078
2021-07-16,3276.909912109375,-0.0028370807845430335
2021-07-19,3244.0400390625,-0.010081399699618743
2021-07-20,3232.699951171875,-0.003501792412825111
2021-07-21,3215.909912109375,-0.005207347741297497
2021-07-22,3250.2099609375,0.010609259099759072
2021-07-23,3254.419921875,0.0012944507531393867
2021-07-26,3224.949951171875,-0.00909661726262101
2021-07-27,3232.530029296875,0.0023476903155685847
2021-07-28,3236.860107421875,0.0013386358466860315
2021-07-29,3242.64990234375,0.0017871093505785751
2021-07-30,3202.320068359375,-0.01251529815670871
2021-08-02,3223.0400390625,0.006449457206484155
2021-08-03,3237.139892578125,0.004365165073981103
2021-08-04,3280.3798828125,0.013269042872881442
2021-08-05,3276.1298828125,-0.0012964216472397538
2021-08-06,3270.360107421875,-0.0017627085333344894
2021-08-09,3260.419921875,-0.003044105965365418
2021-08-10,3243.18994140625,-0.005298602204677039
2021-08-11,3220.6201171875,-0.006983471277616005
2021-08-12,3208.3798828125,-0.0038078236630241236
2021-08-13,3171.2900390625,-0.011627642836884888
2021-08-17,3143.090087890625,-0.008932037061546438
2021-08-18,3158.929931640625,0.00502692059272114
2021-08-19,3097.830078125,-0.019531449427372394
2021-08-20,3060.510009765625,-0.0121203196615145
2021-08-23,3090.2099609375,0.00965746519026034
2021-08-24,3138.300048828125,0.015442230469750129
2021-08-25,3146.81005859375,0.002707992324925357
2021-08-26,3128.530029296875,-0.0058260048846392465
2021-08-27,3133.89990234375,0.0017149491240875392
2021-08-30,3144.18994140625,0.003278082516553482
2021-08-31,3199.27001953125,0.01736637821072584
2021-09-01,3207.02001953125,0.0024194982535714615
2021-09-02,3175.85009765625,-0.009766819339642296
2021-09-03,3201.06005859375,0.00790667945894441
2021-09-06,3203.330078125,0.0007088948605105116
2021-09-07,3187.419921875,-0.004979130499558337
2021-09-08,3162.989990234375,-0.007694007944385461
2021-09-09,3114.699951171875,-0.015384955936944777
2021-09-10,3125.760009765625,0.0035446330056601028
2021-09-13,3127.860107421875,0.0006716422474806194
2021-09-14,3148.830078125,0.0066818810884790025
2021-09-15,3153.39990234375,0.001450224772447939
2021-09-16,3130.090087890625,-0.0074194186411382645
2021-09-17,3140.510009765625,0.003323424011584919
2021-09-23,3127.580078125,-0.004125642675607111
2021-09-24,3125.239990234375,-0.0007484904328904918
2021-09-27,3133.639892578125,0.0026841567642321706
2021-09-28,3097.919921875,-0.011464340547831853
2021-09-29,3060.27001953125,-0.01222773958293466
2021-09-30,3068.820068359375,0.0027899914185258723
2021-10-01,3019.179931640625,-0.016307896469450966
2021-10-05,2962.169921875,-0.019063167219830035
2021-10-06,2908.31005859375,-0.018349904864774835
2021-10-07,2959.4599609375,0.017434629448946914
2021-10-08,2956.300048828125,-0.0010683031105678253
2021-10-12,2916.3798828125,-0.01359542197670116
2021-10-13,2944.409912109375,0.009565346650081352
2021-10-14,2988.639892578125,0.014909970861127775
2021-10-15,3015.06005859375,0.008801351426884096
2021-10-18,3006.679931640625,-0.0027832926617854525
2021-10-19,3029.0400390625,0.007409293281790852
2021-10-20,3013.1298828125,-0.00526638384149436
2021-10-21,3007.330078125,-0.0019266987968649119
2021-10-22,3006.159912109375,-0.00038918033697399324
2021-10-25,3020.5400390625,0.004772148724839553
2021-10-26,3049.080078125,0.009404295113389693
2021-10-27,3025.489990234375,-0.007766872787053458
2021-10-28,3009.550048828125,-0.005282476460628516
2021-10-29,2970.679931640625,-0.012999722321830554
2021-11-01,2978.93994140625,0.00277665304634489
2021-11-02,3013.489990234375,0.011531359422213505
2021-11-03,2975.7099609375,-0.012616219435314768
2021-11-04,2983.219970703125,0.0025205913907155875
2021-11-05,2969.27001953125,-0.0046871063146962655
2021-11-08,2960.199951171875,-0.0030593208089157997
2021-11-09,2962.4599609375,0.0007631739484805777
2021-11-10,2930.169921875,-0.010959575913165764
2021-11-11,2924.919921875,-0.0017933119890853888
2021-11-12,2968.800048828125,0.01489074403903512
2021-11-15,2999.52001953125,0.010294435166859905
2021-11-16,2997.2099609375,-0.0007704394613536891
2021-11-17,2962.419921875,-0.011675367411648985
2021-11-18,2947.3798828125,-0.005089875132668453
2021-11-19,2971.02001953125,0.007988734399356545
2021-11-22,3013.25,0.014113895714428004
2021-11-23,2997.330078125,-0.0052973120384880445
2021-11-24,2994.2900390625,-0.0010147637079498395
2021-11-25,2980.27001953125,-0.004693247746499374
2021-11-26,2936.43994140625,-0.01481596366335225
2021-11-29,2909.320068359375,-0.009278542932603884
2021-11-30,2839.010009765625,-0.024463997105961255
2021-12-01,2899.719970703125,0.02115876721206522
2021-12-02,2945.27001953125,0.015586329843930713
2021-12-03,2968.330078125,0.0077990310803137675
2021-12-06,2973.25,0.0016560991974472472
2021-12-07,2991.719970703125,0.006192832427508677
2021-12-08,3001.800048828125,0.0033636619536316914
2021-12-09,3029.570068359375,0.00920859281677977
2021-12-10,3010.22998046875,-0.0064042365097574105
2021-12-13,3001.659912109375,-0.0028510416250515647
2021-12-14,2987.949951171875,-0.004577922500518028
2021-12-15,2989.389892578125,0.0004818000889166285
2021-12-16,3006.409912109375,0.005677329397753894
2021-12-17,3017.72998046875,0.003758239976260569
2021-12-20,2963.0,-0.018302618059314213
2021-12-21,2975.030029296875,0.004051864236524594
2021-12-22,2984.47998046875,0.0031713879418902025
2021-12-23,2998.169921875,0.004576555715010144
2021-12-24,3012.429931640625,0.004744962854989154
2021-12-27,2999.550048828125,-0.0042847456443748655
2021-12-28,3020.239990234375,0.006874001499003413
2021-12-29,2993.2900390625,-0.00896316521793672
2021-12-30,2977.64990234375,-0.005238763960800696
2022-01-03,2988.77,0.0037275655130439844
2022-01-04,2989.239990234375,0.00015723969552183803
2022-01-05,2953.969970703125,-0.011869152805534355
2022-01-06,2920.530029296875,-0.011384901728279218
2022-01-07,2954.889892578125,0.011696272078471459
2022-01-10,2926.719970703125,-0.009579056731597646
2022-01-11,2927.3798828125,0.0002254529743881406
2022-01-12,2972.47998046875,0.01528882963457967
2022-01-13,2962.090087890625,-0.00350148471541889
2022-01-14,2921.919921875,-0.0136542222226268
2022-01-17,2890.10009765625,-0.010949770316534213
2022-01-18,2864.239990234375,-0.008988096331096429
2022-01-19,2842.280029296875,-0.0076964837637181205
2022-01-20,2862.679931640625,0.007151667822996366
2022-01-21,2834.2900390625,-0.009966746440773555
2022-01-24,2792.0,-0.0150332937790294
2022-01-25,2720.389892578125,-0.02598297200522115
2022-01-26,2709.239990234375,-0.004107063743722605
2022-01-27,2614.489990234375,-0.03559910307074343
2022-01-28,2663.340087890625,0.018511961155564194
2022-02-03,2707.820068359375,0.016562901130634522
2022-02-04,2750.260009765625,0.01555154784804813
2022-02-07,2745.06005859375,-0.00189250222341375
2022-02-08,2746.469970703125,0.00051348608960744
2022-02-09,2768.85009765625,0.008115666729308302
2022-02-10,2771.929931640625,0.001111697012073698
2022-02-11,2747.7099609375,-0.008775980542848671
2022-02-14,2704.47998046875,-0.015858173281495525
2022-02-15,2676.5400390625,-0.010384719773175455
2022-02-16,2729.679931640625,0.01965943094156497
2022-02-17,2744.090087890625,0.005265179022341471
2022-02-18,2744.52001953125,0.00015666321093643631
2022-02-21,2743.800048828125,-0.0002623646938539892
2022-02-22,2706.7900390625,-0.013580393304612137
2022-02-23,2719.530029296875,0.004695636631288025
2022-02-24,2648.800048828125,-0.026352356347452144
2022-02-25,2676.760009765625,0.010500385886337504
2022-02-28,2699.179931640625,0.00834088628199936
2022-03-02,2703.52001953125,0.0016066370012888243
2022-03-03,2747.080078125,0.01598392295307427
2022-03-04,2713.429931640625,-0.012325065753274522
2022-03-07,2651.31005859375,-0.02315961247926257
2022-03-08,2622.39990234375,-0.010963987806955622
2022-03-10,2680.320068359375,0.021846324115893268
2022-03-11,2661.280029296875,-0.007128994815402301
2022-03-14,2645.64990234375,-0.00589047616929772
2022-03-15,2621.530029296875,-0.009158616929028973
2022-03-16,2659.22998046875,0.014278471888776068
2022-03-17,2694.510009765625,0.013179773413378726
2022-03-18,2707.02001953125,0.004632032800105712
2022-03-21,2686.050048828125,-0.007776674925432658
2022-03-22,2710.0,0.008876903744456044
2022-03-23,2735.050048828125,0.00920110020361431
2022-03-24,2729.659912109375,-0.0019727079772913214
2022-03-25,2729.97998046875,0.00011724889041797582
2022-03-28,2729.56005859375,-0.00015383049591122244
2022-03-29,2741.070068359375,0.004207934545826575
2022-03-30,2746.739990234375,0.002066370312366672
2022-03-31,2757.64990234375,0.003964081981388645
2022-04-01,2739.85009765625,-0.006475622333208975
2022-04-04,2757.89990234375,0.0065662751272270725
2022-04-05,2759.199951171875,0.00047127979797512154
2022-04-06,2735.030029296875,-0.008798349497118885
2022-04-07,2695.860107421875,-0.01442511268158686
2022-04-08,2700.389892578125,0.0016788644781904338
2022-04-11,2693.10009765625,-0.0027031845332343707
2022-04-12,2666.760009765625,-0.009828726649042885
2022-04-13,2716.489990234375,0.01847634613906468
2022-04-14,2716.7099609375,8.097279880026065e-05
2022-04-15,2696.06005859375,-0.007630105270688858
2022-04-18,2693.2099609375,-0.00105769349526863
2022-04-19,2718.889892578125,0.009489893039357433
2022-04-20,2718.68994140625,-7.354417887039943e-05
2022-04-21,2728.2099609375,0.0034955770789757423
2022-04-22,2704.7099609375,-0.008651018936286725
2022-04-25,2657.1298828125,-0.01774813439688394
2022-04-26,2668.31005859375,0.004198786327370918
2022-04-27,2639.06005859375,-0.011022519816749288
2022-04-28,2667.489990234375,0.010715136347230647
2022-04-29,2695.050048828125,0.010278823484986432
2022-05-02,2687.449951171875,-0.0028240047216536723
2022-05-03,2680.4599609375,-0.002604363448622138
2022-05-04,2677.570068359375,-0.0010787146927331293
2022-05-06,2644.510009765625,-0.012423895676548113
2022-05-09,2610.81,-0.012825278627509817
2022-05-10,2596.56005859375,-0.005473003383989372
2022-05-11,2592.27001953125,-0.0016535673650599492
2022-05-12,2550.080078125,-0.01640918540260472
2022-05-13,2604.239990234375,0.021016120384491188
2022-05-16,2596.580078125,-0.0029456576260606937
2022-05-17,2620.43994140625,0.009146995621897247
2022-05-18,2625.97998046875,0.0021119320238049966
2022-05-19,2592.340087890625,-0.01289317563657022
2022-05-20,2639.2900390625,0.017948979762881123
2022-05-23,2647.3798828125,0.0030604710276964653
2022-05-24,2605.8701171875,-0.015803789873777063
2022-05-25,2617.219970703125,0.0043460369970018675
2022-05-26,2612.449951171875,-0.0018242148836531413
2022-05-27,2638.050048828125,0.0097515667162682
2022-05-30,2669.659912109375,0.0119110641801079
2022-05-31,2685.89990234375,0.0060647404095997
2022-06-02,2658.989990234375,-0.010069483198433815
2022-06-03,2670.64990234375,0.004375504141680864
2022-06-07,2626.340087890625,-0.01673057645999787
2022-06-08,2626.14990234375,-7.24172905854914e-05
2022-06-09,2625.43994140625,-0.00027037943287577804
2022-06-10,2595.8701171875,-0.011326713036846847
2022-06-13,2504.510009765625,-0.03582865517045253
2022-06-14,2492.969970703125,-0.004618351496840312
2022-06-15,2447.3798828125,-0.018456742307240148
2022-06-16,2451.409912109375,0.0016453166495047356
2022-06-17,2440.929931640625,-0.004284247142781972
2022-06-20,2391.030029296875,-0.020654838520615115
2022-06-21,2408.929931640625,0.007458389431032053
2022-06-22,2342.81005859375,-0.027831548501573877
2022-06-23,2314.320068359375,-0.012235151205535644
2022-06-24,2366.60009765625,0.022338429807021498
2022-06-27,2401.919921875,0.01481401776571456
2022-06-28,2422.090087890625,0.008362455101626587
2022-06-29,2377.989990234375,-0.018375251161417694
2022-06-30,2332.639892578125,-0.01925496161586704
2022-07-01,2305.419921875,-0.01173778877901821
2022-07-04,2300.340087890625,-0.002205862239197387
2022-07-05,2341.780029296875,0.017854360163026328
2022-07-06,2292.010009765625,-0.0214821703621082
2022-07-07,2334.27001953125,0.018270050669470628
2022-07-08,2350.610107421875,0.006975697865185815
2022-07-11,2340.27001953125,-0.004408598965675026
2022-07-12,2317.760009765625,-0.009665109436213903
2022-07-13,2328.610107421875,0.004670362930507821
2022-07-14,2322.320068359375,-0.0027048537216076696
2022-07-15,2330.97998046875,0.0037220561821316167
2022-07-18,2375.25,0.018813923475477168
2022-07-19,2370.969970703125,-0.00180355334707194
2022-07-20,2386.85009765625,0.006675404153361875
2022-07-21,2409.159912109375,0.009303556634979948
2022-07-22,2393.139892578125,-0.0066718362485529425
2022-07-25,2403.68994140625,0.0043987659368589505
2022-07-26,2412.9599609375,0.003849161207316598
2022-07-27,2415.530029296875,0.0010645434109974872
2022-07-28,2435.27001953125,0.008138904511916678
2022-07-29,2451.5,0.006642440744622391
2022-08-01,2452.25,0.0003058883531368295
2022-08-02,2439.6201171875,-0.005163632955327735
2022-08-03,2461.449951171875,0.00890824984832328
2022-08-04,2473.110107421875,0.00472592401891081
2022-08-05,2490.800048828125,0.007127452245355492
2022-08-08,2493.10009765625,0.0009229916024837692
2022-08-09,2503.4599609375,0.004146804203463361
2022-08-10,2480.8798828125,-0.009060470715558822
2022-08-11,2523.780029296875,0.017144500545461128
2022-08-12,2527.93994140625,0.0016469293918781602
2022-08-16,2533.52001953125,0.002204929182012094
2022-08-17,2516.469970703125,-0.006752533627416568
2022-08-18,2508.050048828125,-0.003351535957214935
2022-08-19,2492.68994140625,-0.006143153116235034
2022-08-22,2462.5,-0.012185331064316074
2022-08-23,2435.340087890625,-0.01109068079715314
2022-08-24,2447.449951171875,0.0049602329870941375
2022-08-25,2477.260009765625,0.01210646837106566
2022-08-26,2481.030029296875,0.001520693718223498
2022-08-29,2426.889892578125,-0.022063250333776097
2022-08-30,2450.929931640625,0.009856958465856103
2022-08-31,2472.050048828125,0.008580269204768065
2022-09-01,2415.610107421875,-0.023095898009033
2022-09-02,2409.409912109375,-0.002570019896329434
2022-09-05,2403.679931640625,-0.002380999882312551
2022-09-06,2410.02001953125,0.00263418643499147
2022-09-07,2376.4599609375,-0.014023085309347927
2022-09-08,2384.280029296875,0.003285235240221951
2022-09-13,2449.5400390625,0.02700306351489523
2022-09-14,2411.419921875,-0.015684514567383623
2022-09-15,2401.830078125,-0.003984773880142178
2022-09-16,2382.780029296875,-0.00796309377998039
2022-09-19,2355.659912109375,-0.011446979874752294
2022-09-20,2367.85009765625,0.005161505992380633
2022-09-21,2347.2099609375,-0.008755039512622353
2022-09-22,2332.31005859375,-0.006368154270091075
2022-09-23,2290.0,-0.01830740031453182
2022-09-26,2220.93994140625,-0.030621314259347443
2022-09-27,2223.860107421875,0.001313969764078493
2022-09-28,2169.2900390625,-0.024844529989539232
2022-09-29,2170.929931640625,0.0007556726005741865
2022-09-30,2155.489990234375,-0.00713754431303304
2022-10-04,2209.3798828125,0.024693808773910142
2022-10-05,2215.219970703125,0.0026398279959556348
2022-10-06,2237.860107421875,0.010168391942899646
2022-10-07,2232.840087890625,-0.0022457429135274154
2022-10-11,2192.070068359375,-0.018428023100820035
2022-10-12,2202.469970703125,0.00473311048094871
2022-10-13,2162.8701171875,-0.018143346912613545
2022-10-14,2212.550048828125,0.022709620947729547
2022-10-17,2219.7099609375,0.0032308205392501677
2022-10-18,2249.949951171875,0.013531432922704312
2022-10-19,2237.43994140625,-0.00557564306830205
2022-10-20,2218.090087890625,-0.008685824151123178
2022-10-21,2213.1201171875,-0.002243167241951838
2022-10-24,2236.159912109375,0.010356732195238472
2022-10-25,2235.070068359375,-0.000487491708699217
2022-10-26,2249.56005859375,0.006462089513571634
2022-10-27,2288.780029296875,0.01728426972832242
2022-10-28,2268.39990234375,-0.008944243205357694
2022-10-31,2293.610107421875,0.01105234826392909
2022-11-01,2335.219970703125,0.017979050181397227
2022-11-02,2336.8701171875,0.0007063847322923422
2022-11-03,2329.169921875,-0.003300529887530601
2022-11-04,2348.429931640625,0.008235043275734988
2022-11-07,2371.7900390625,0.00989797012935778
2022-11-08,2399.0400390625,0.011423712812917763
2022-11-09,2424.409912109375,0.010519485950886143
2022-11-10,2402.22998046875,-0.009190695084035916
2022-11-11,2483.159912109375,0.03313444275296629
2022-11-14,2474.64990234375,-0.0034329748182670983
2022-11-15,2480.330078125,0.0022927149218823217
2022-11-16,2477.449951171875,-0.001161861663931063
2022-11-17,2442.89990234375,-0.014043967491099707
2022-11-18,2444.47998046875,0.0006465951974012896
2022-11-21,2419.5,-0.01027150612968164
2022-11-22,2405.27001953125,-0.0058987357624236125
2022-11-23,2418.010009765625,0.00528272038323685
2022-11-24,2441.330078125,0.00959811289806023
2022-11-25,2437.860107421875,-0.0014223554139833894
2022-11-28,2408.27001953125,-0.0122119938393066
2022-11-29,2433.389892578125,0.010376647224546787
2022-11-30,2472.530029296875,0.015956627016850078
2022-12-01,2479.840087890625,0.0029521476504417166
2022-12-02,2434.330078125,-0.018522480647001238
2022-12-05,2419.320068359375,-0.0061850595585584145
2022-12-06,2393.159912109375,-0.010871905557867656
2022-12-07,2382.81005859375,-0.004334143548124558
2022-12-08,2371.080078125,-0.004934907596396698
2022-12-09,2389.0400390625,0.007546047460786909
2022-12-12,2373.02001953125,-0.006728214162819768
2022-12-13,2372.39990234375,-0.0002613539797273745
2022-12-14,2399.25,0.011254128696650767
2022-12-15,2360.969970703125,-0.01608364938208684
2022-12-16,2360.02001953125,-0.0004024372797486464
2022-12-19,2352.169921875,-0.0033318287318255813
2022-12-20,2333.2900390625,-0.00805896759437541
2022-12-21,2328.949951171875,-0.0018618042629263698
2022-12-22,2356.72998046875,0.011857555443178569
2022-12-23,2313.68994140625,-0.018431429391976728
2022-12-26,2317.139892578125,0.0014899929100478104
2022-12-27,2332.7900390625,0.006731372647996281
2022-12-28,2280.449951171875,-0.02269222237268398
2022-12-29,2236.39990234375,-0.01950538399756585
2023-01-02,2225.669921875,-0.004809427720324777
2023-01-03,2218.679931640625,-0.0031455651460152723
2023-01-04,2255.97998046875,0.016672066053450507
2023-01-05,2264.64990234375,0.003835718795656362
2023-01-06,2289.969970703125,0.011118525763692766
2023-01-09,2350.18994140625,0.02595744677003875
2023-01-10,2351.31005859375,0.00047649354831147406
2023-01-11,2359.530029296875,0.0034898145096047273
2023-01-12,2365.10009765625,0.0023578865605689003
2023-01-13,2386.090087890625,0.0088357341938341
2023-01-16,2399.860107421875,0.005754367248385961
2023-01-17,2379.389892578125,-0.008566339916379562
2023-01-18,2368.320068359375,-0.004663235273413946
2023-01-19,2380.340087890625,0.005062499655646313
2023-01-20,2395.260009765625,0.0062484170000516315
2023-01-25,2428.570068359375,0.013810846366689056
2023-01-26,2468.64990234375,0.016368768045782467
2023-01-27,2484.02001953125,0.006206820472155705
2023-01-30,2450.469970703125,-0.013598392493967104
2023-01-31,2425.080078125,-0.010415285185949585
2023-02-01,2449.800048828125,0.010141862751470221
2023-02-02,2468.8798828125,0.007758150539969755
2023-02-03,2480.39990234375,0.00465523907952381
2023-02-06,2438.18994140625,-0.017163861399844826
2023-02-07,2451.7099609375,0.005529787624746874
2023-02-08,2483.639892578125,0.012939458432882134
2023-02-09,2481.52001953125,-0.0008538992552935554
2023-02-10,2469.72998046875,-0.0047624585091279314
2023-02-13,2452.699951171875,-0.006919386351931678
2023-02-14,2465.639892578125,0.005261926452397425
2023-02-15,2427.89990234375,-0.015424719151132749
2023-02-16,2475.47998046875,0.01940766275578465
2023-02-17,2451.2099609375,-0.00985254446662509
2023-02-20,2455.1201171875,0.0015939233665820396
2023-02-21,2458.9599609375,0.0015627928200041552
2023-02-22,2417.679931640625,-0.016930106058353545
2023-02-23,2439.090087890625,0.008816680573668023
2023-02-24,2423.610107421875,-0.006366846459486375
2023-02-27,2402.639892578125,-0.008690120409418967
2023-02-28,2412.85009765625,0.00424057381459253
2023-03-02,2427.85009765625,0.006197470368147329
2023-03-03,2432.070068359375,0.0017366424219185106
2023-03-06,2462.6201171875,0.012483096735847354
2023-03-07,2463.35009765625,0.00029638038488055685
2023-03-08,2431.909912109375,-0.01284533111301478
2023-03-09,2419.090087890625,-0.0052854479749511185
2023-03-10,2394.590087890625,-0.010179409791778227
2023-03-13,2410.60009765625,0.006663656750377278
2023-03-14,2348.969970703125,-0.025898797952367936
2023-03-15,2379.719970703125,0.013005899661624909
2023-03-16,2377.909912109375,-0.0007609077316512725
2023-03-17,2395.68994140625,0.007449351459874798
2023-03-20,2379.199951171875,-0.006906988919929802
2023-03-21,2388.35009765625,0.003838515642486051
2023-03-22,2416.9599609375,0.011907744137792164
2023-03-23,2424.47998046875,0.00310652436875003
2023-03-24,2414.9599609375,-0.003934352704712651
2023-03-27,2409.219970703125,-0.0023796761416203793
2023-03-28,2434.93994140625,0.01061906000661672
2023-03-29,2443.919921875,0.003681184072148902
2023-03-30,2453.159912109375,0.0037736779929682385
2023-03-31,2476.860107421875,0.00961471872097519
2023-04-03,2472.340087890625,-0.001826566155972209
2023-04-04,2480.510009765625,0.0032990819927878334
2023-04-05,2495.2099609375,0.005908690210148393
2023-04-06,2459.22998046875,-0.014524593468301816
2023-04-07,2490.409912109375,0.0125990353898775
2023-04-10,2512.080078125,0.008663806067546354
2023-04-11,2547.860107421875,0.014142706974717534
2023-04-12,2550.639892578125,0.0010904326494820538
2023-04-13,2561.659912109375,0.004311185580160526
2023-04-14,2571.489990234375,0.003830042110066323
2023-04-17,2575.909912109375,0.0017173419765894593
2023-04-18,2571.090087890625,-0.0018728679337858267
2023-04-19,2575.080078125,0.0015506642435720863
2023-04-20,2563.110107421875,-0.0046592251064749846
2023-04-21,2544.39990234375,-0.007326579384998588
2023-04-24,2523.5,-0.00824800064347464
2023-04-25,2489.02001953125,-0.013757760242480543
2023-04-26,2484.830078125,-0.001684788369204604
2023-04-27,2495.81005859375,0.004409071105250462
2023-04-28,2501.530029296875,0.002289207098363555
2023-05-02,2524.389892578125,0.009096850439046733
2023-05-03,2501.39990234375,-0.009148870737124781
2023-05-04,2500.93994140625,-0.0001838983168527264
2023-05-08,2513.2099609375,0.004894167211616285
2023-05-09,2510.06005859375,-0.00125412440277195
2023-05-10,2496.510009765625,-0.005412920113956332
2023-05-11,2491.0,-0.002209524190022627
2023-05-12,2475.419921875,-0.006274189246896711
2023-05-15,2479.35009765625,0.0015864214040304248
2023-05-16,2480.239990234375,0.00035885731357065964
2023-05-17,2494.659912109375,0.005797086390191275
2023-05-18,2515.39990234375,0.008279385666630112
2023-05-19,2537.7900390625,0.00886184113683619
2023-05-22,2557.080078125,0.007572374091711964
2023-05-23,2567.550048828125,0.0040861428089282725
2023-05-24,2567.449951171875,-3.8986428924303596e-05
2023-05-25,2554.68994140625,-0.004982306781450063
2023-05-26,2558.81005859375,0.001611466932278205
2023-05-30,2585.52001953125,0.010384326259049281
2023-05-31,2577.1201171875,-0.00325411399349651
2023-06-01,2569.169921875,-0.0030896826943784816
2023-06-02,2601.360107421875,0.012451567349847537
2023-06-05,2615.409912109375,0.005386412896990933
2023-06-07,2615.60009765625,7.271465609992589e-05
2023-06-08,2610.85009765625,-0.0018176778234959556
2023-06-09,2641.159912109375,0.011542305097520966
2023-06-12,2629.35009765625,-0.0044814768197261046
2023-06-13,2637.949951171875,0.0032653773574180534
2023-06-14,2619.080078125,-0.007178940954620572
2023-06-15,2608.5400390625,-0.004032448077149198
2023-06-16,2625.7900390625,0.006591125202921155
2023-06-19,2609.5,-0.006223185922600294
2023-06-20,2604.909912109375,-0.0017605401775364626
2023-06-21,2582.6298828125,-0.00858987773537745
2023-06-22,2593.699951171875,0.004277194688550701
2023-06-23,2570.10009765625,-0.009140562223934445
2023-06-26,2582.199951171875,0.00469688319594308
2023-06-27,2581.389892578125,-0.0003137579183896122
2023-06-28,2564.18994140625,-0.0066853555043167034
2023-06-29,2550.02001953125,-0.005541406490183753
2023-06-30,2564.280029296875,0.005576538953140364
2023-07-03,2602.469970703125,0.014783233916463523
2023-07-04,2593.31005859375,-0.0035259081590881536
2023-07-05,2579.0,-0.005533347747394224
2023-07-06,2556.2900390625,-0.008844723009965527
2023-07-07,2526.7099609375,-0.011638958114186693
2023-07-10,2520.699951171875,-0.002381424417908562
2023-07-11,2562.489990234375,0.01644281684975013
2023-07-12,2574.719970703125,0.004761340753669963
2023-07-13,2591.22998046875,0.0063918799573734475
2023-07-14,2628.300048828125,0.014204609018185543
2023-07-17,2619.0,-0.0035447024105508262
2023-07-18,2607.6201171875,-0.00435459265831728
2023-07-19,2608.239990234375,0.00023768775888477478
2023-07-20,2600.22998046875,-0.003075765484090276
2023-07-21,2609.760009765625,0.0036583716834934776
2023-07-24,2628.530029296875,0.007166498886038042
2023-07-25,2636.4599609375,0.003012327716390928
2023-07-26,2592.360107421875,-0.0168683942553578
2023-07-27,2603.81005859375,0.004407080344997816
2023-07-28,2608.320068359375,0.0017305826145417313
2023-07-31,2632.580078125,0.009258021472023259
2023-08-01,2667.070068359375,0.013016133601307267
2023-08-02,2616.469970703125,-0.01915444733664451
2023-08-03,2605.389892578125,-0.004243735007750438
2023-08-04,2602.800048828125,-0.000994527462554906
2023-08-07,2580.7099609375,-0.008523267661767697
2023-08-08,2573.97998046875,-0.0026112081887479377
2023-08-09,2605.1201171875,0.012025452838986261
2023-08-10,2601.56005859375,-0.0013674967650594283
2023-08-11,2591.260009765625,-0.003967039951523255
2023-08-14,2570.8701171875,-0.0078998390651428
2023-08-16,2525.639892578125,-0.017749955180875965
2023-08-17,2519.85009765625,-0.0022950387274240924
2023-08-18,2504.5,-0.0061103008814473725
2023-08-21,2508.800048828125,0.0017154568211577015
2023-08-22,2515.739990234375,0.002762420347136363
2023-08-23,2505.5,-0.004078675566186796
2023-08-24,2537.679931640625,0.012761935457273665
2023-08-25,2519.139892578125,-0.007332720080939659
2023-08-28,2543.409912109375,0.009588134991496133
2023-08-29,2552.159912109375,0.0034343592187875416
2023-08-30,2561.219970703125,0.0035436710287273243
2023-08-31,2556.27001953125,-0.0019345236532117838
2023-09-01,2563.7099609375,0.002906240520960779
2023-09-04,2584.550048828125,0.008096017560159652
2023-09-05,2582.179931640625,-0.0009174535393592365
2023-09-06,2563.340087890625,-0.007322847007700695
2023-09-07,2548.260009765625,-0.005900352761130101
2023-09-08,2547.679931640625,-0.00022766285873654368
2023-09-11,2556.8798828125,0.0036046050855187417
2023-09-12,2536.580078125,-0.007970971529932314
2023-09-13,2534.699951171875,-0.0007414802686511734
2023-09-14,2572.889892578125,0.014954471401610547
2023-09-15,2601.280029296875,0.01097390385603969
2023-09-18,2574.719970703125,-0.010262863877987805
2023-09-19,2559.2099609375,-0.006042177107444147
2023-09-20,2559.739990234375,0.0002070851654440986
2023-09-21,2514.969970703125,-0.017644823616428162
2023-09-22,2508.1298828125,-0.0027234545670822286
2023-09-25,2495.760009765625,-0.004944112884220253
2023-09-26,2462.969970703125,-0.013225369049519209
2023-09-27,2465.070068359375,0.0008523054872666691
2023-10-04,2405.68994140625,-0.024383492048865918
2023-10-05,2403.60009765625,-0.0008690862329219229
2023-10-06,2408.72998046875,0.002131975434892297
2023-10-10,2402.580078125,-0.0025564370693960115
2023-10-11,2450.080078125,0.019577516499182046
2023-10-12,2479.820068359375,0.01206529549241786
2023-10-13,2456.14990234375,-0.009590960885315525
2023-10-16,2436.239990234375,-0.008139180424910464
2023-10-17,2460.169921875,0.009774558338038197
2023-10-18,2462.60009765625,0.000987320540679626
2023-10-19,2415.800048828125,-0.019187226631353305
2023-10-20,2375.0,-0.017033077914425654
2023-10-23,2357.02001953125,-0.007599319919445513
2023-10-24,2383.510009765625,0.011176077694747377
2023-10-25,2363.169921875,-0.008570290258234081
2023-10-26,2299.080078125,-0.02749482810892534
2023-10-27,2302.81005859375,0.0016210648993153498
2023-10-30,2310.550048828125,0.0033554707702467823
2023-10-31,2277.989990234375,-0.014192141651530044
2023-11-01,2301.56005859375,0.01029370843521793
2023-11-02,2343.1201171875,0.017896245268834043
2023-11-03,2368.340087890625,0.010705900289876169
2023-11-06,2502.3701171875,0.05504900472983998
2023-11-07,2443.9599609375,-0.02361867105652582
2023-11-08,2421.6201171875,-0.009182872494251981
2023-11-09,2427.080078125,0.002252134809478612
2023-11-10,2409.659912109375,-0.007203298657699975
2023-11-13,2403.760009765625,-0.002451440096296942
2023-11-14,2433.25,0.012193630183214843
2023-11-15,2486.669921875,0.021716622287250686
2023-11-16,2488.179931640625,0.000607057441514236
2023-11-17,2469.85009765625,-0.007394032463005296
2023-11-20,2491.199951171875,0.008607042907128104
2023-11-21,2510.419921875,0.007685536205122467
2023-11-22,2511.699951171875,0.0005097565796718939
2023-11-23,2514.9599609375,0.001297088038453964
2023-11-24,2496.6298828125,-0.007315107754032546
2023-11-27,2495.659912109375,-0.0003885875040019471
2023-11-28,2521.760009765625,0.010403886255069494
2023-11-29,2519.81005859375,-0.0007735492089446794
2023-11-30,2535.2900390625,0.006124519221051727
2023-12-01,2505.010009765625,-0.012015313886478474
2023-12-04,2514.949951171875,0.003960172779959414
2023-12-05,2494.280029296875,-0.008252781074827631
2023-12-06,2495.3798828125,0.0004408531053465836
2023-12-07,2492.070068359375,-0.0013272574046503394
2023-12-08,2517.85009765625,0.010291683696038945
2023-12-11,2525.360107421875,0.0029782678141234697
2023-12-12,2535.27001953125,0.003916478591777128
2023-12-13,2510.659912109375,-0.009754516171970984
2023-12-14,2544.179931640625,0.013262739043875094
2023-12-15,2563.56005859375,0.007588569501467468
2023-12-18,2566.860107421875,0.001286463555212336
2023-12-19,2568.550048828125,0.0006581524808479955
2023-12-20,2614.300048828125,0.01765483757486308
2023-12-21,2600.02001953125,-0.005477249117824101
2023-12-22,2599.510009765625,-0.00019617533291871325
2023-12-26,2602.590087890625,0.0011841673274632925
2023-12-27,2613.5,0.00418318235879056
2023-12-28,2655.280029296875,0.01585980238943918
2024-01-02,2669.81005859375,0.005457209217909487
2024-01-03,2607.31005859375,-0.023688269798017636
2024-01-04,2587.02001953125,-0.007812419293947492
2024-01-05,2578.080078125,-0.0034616755395422416
2024-01-08,2567.820068359375,-0.003987649612010813
2024-01-09,2561.239990234375,-0.0025658041277516475
2024-01-10,2541.97998046875,-0.007548215174700168
2024-01-11,2540.27001953125,-0.0006729149498845288
2024-01-12,2525.050048828125,-0.0060094984333805
2024-01-15,2525.989990234375,0.000372177377264471
2024-01-16,2497.590087890625,-0.011306759108719255
2024-01-17,2435.89990234375,-0.02501004410599794
2024-01-18,2440.0400390625,0.0016981906108206601
2024-01-19,2472.739990234375,0.013312394977524455
2024-01-22,2464.35009765625,-0.0033987229339382807
2024-01-23,2478.610107421875,0.0057698418497782455
2024-01-24,2469.68994140625,-0.0036053495503640676
2024-01-25,2470.340087890625,0.000263215601635558
2024-01-26,2478.56005859375,0.0033219414491973964
2024-01-29,2500.64990234375,0.008872889011510843
2024-01-30,2498.81005859375,-0.000736017028811986
2024-01-31,2497.090087890625,-0.000688552901638495
2024-02-01,2542.4599609375,0.018006011808842537
2024-02-02,2615.31005859375,0.02825055883396299
2024-02-05,2591.31005859375,-0.009219097780558627
2024-02-06,2576.199951171875,-0.005848135933157472
2024-02-07,2609.580078125,0.012873892756896765
2024-02-08,2620.320068359375,0.00410715502439718
2024-02-13,2649.639892578125,0.011127267363545634
2024-02-14,2620.419921875,-0.011089160716078794
2024-02-15,2613.800048828125,-0.0025294605933705583
2024-02-16,2648.760009765625,0.013286489784156252
2024-02-19,2680.260009765625,0.0118221987401812
2024-02-20,2657.7900390625,-0.008418843290825428
2024-02-21,2653.31005859375,-0.001687025832275424
2024-02-22,2664.27001953125,0.004122166961669116
2024-02-23,2667.699951171875,0.001286553424936443
2024-02-26,2647.080078125,-0.007759484453780274
2024-02-27,2625.050048828125,-0.008357213113688644
2024-02-28,2652.2900390625,0.010323470423836412
2024-02-29,2642.360107421875,-0.0037509346258337573
2024-03-04,2674.27001953125,0.012003955331817195
2024-03-05,2649.39990234375,-0.009343290803624171
2024-03-06,2641.489990234375,-0.002990014218015702
2024-03-07,2647.6201171875,0.0023180193164806795
2024-03-08,2680.35009765625,0.012286251938054882
2024-03-11,2659.840087890625,-0.007681415792646362
2024-03-12,2681.81005859375,0.008225957891738744
2024-03-13,2693.570068359375,0.00437551512641754
2024-03-14,2718.760009765625,0.009308420930659977
2024-03-15,2666.840087890625,-0.01928161374479309
2024-03-18,2685.840087890625,0.007099277063285392
2024-03-19,2656.169921875,-0.011108354742110471
2024-03-20,2690.139892578125,0.012707990760099541
2024-03-21,2754.860107421875,0.023773466672903254
2024-03-22,2748.56005859375,-0.0022895041229125113
2024-03-25,2737.570068359375,-0.004006468924654172
2024-03-26,2757.090087890625,0.0071051170025731025
2024-03-27,2755.110107421875,-0.0007183993627766228
2024-03-28,2745.820068359375,-0.003377628000230004
2024-03-29,2746.6298828125,0.000294882781342487
2024-04-01,2747.860107421875,0.0004478030288961321
2024-04-02,2753.159912109375,0.0019268449518126118
2024-04-03,2706.969970703125,-0.016919393595407506
2024-04-04,2742.0,0.012857663771141503
2024-04-05,2714.2099609375,-0.010186660546751547
2024-04-08,2717.64990234375,0.001266579754522823
2024-04-09,2705.159912109375,-0.004606472565980901
2024-04-11,2706.9599609375,0.0006651918053268702
2024-04-12,2681.820068359375,-0.009330525584045901
2024-04-15,2670.429931640625,-0.004256211467485116
2024-04-16,2609.6298828125,-0.02303107860825282
2024-04-17,2584.179931640625,-0.009800187443506303
2024-04-18,2634.699951171875,0.0193610885026283
2024-04-19,2591.860107421875,-0.01639349885508601
2024-04-22,2629.43994140625,0.014395067345456702
2024-04-23,2623.02001953125,-0.0024445403181543313
2024-04-24,2675.75,0.019903381723553437
2024-04-25,2628.6201171875,-0.017770676651196027
2024-04-26,2656.330078125,0.010486462063847846
2024-04-29,2687.43994140625,0.011643545525354071
2024-04-30,2692.06005859375,0.0017176757406591747
2024-05-02,2683.64990234375,-0.0031289497285484913
2024-05-03,2676.6298828125,-0.0026192750476017324
2024-05-07,2734.360107421875,0.021338947335576286
2024-05-08,2745.050048828125,0.0039018633991121376
2024-05-09,2712.139892578125,-0.012061355962706521
2024-05-10,2727.6298828125,0.0056951057640670655
2024-05-13,2727.2099609375,-0.00015396304487680368
2024-05-14,2730.340087890625,0.001147081481008172
2024-05-16,2753.0,0.008265050403426955
2024-05-17,2724.6201171875,-0.010362214299954431
2024-05-20,2742.139892578125,0.006409586423916203
2024-05-21,2724.179931640625,-0.006571157978712883
2024-05-22,2723.4599609375,-0.0002643238986106411
2024-05-23,2721.81005859375,-0.0006059947030445656
2024-05-24,2687.60009765625,-0.012648483304348979
2024-05-27,2722.989990234375,0.013081899278678755
2024-05-28,2722.85009765625,-5.1375940496534156e-05
2024-05-29,2677.300048828125,-0.016870319495517094
2024-05-30,2635.43994140625,-0.01575871349995417
2024-05-31,2636.52001953125,0.0004097444396826688
2024-06-03,2682.52001953125,0.017296785325341624
2024-06-04,2662.10009765625,-0.0076413368161452055
2024-06-05,2689.5,0.010239981039855905
2024-06-07,2722.669921875,0.01225768505799607
2024-06-10,2701.169921875,-0.007928004229966312
2024-06-11,2705.320068359375,0.0015352464563971324
2024-06-12,2728.169921875,0.008410796103152762
2024-06-13,2754.889892578125,0.009746449291134773
2024-06-14,2758.419921875,0.001280548308749907
2024-06-17,2744.10009765625,-0.005204835782618211
2024-06-18,2763.919921875,0.007196745724471931
2024-06-19,2797.330078125,0.012015485082057076
2024-06-20,2807.6298828125,0.0036752506183690414
2024-06-21,2784.260009765625,-0.008358536937343786
2024-06-24,2764.72998046875,-0.007039158467945228
2024-06-25,2774.389892578125,0.003487890539947358
2024-06-26,2792.050048828125,0.006345246041936647
2024-06-27,2784.06005859375,-0.0028657955272715085
2024-06-28,2797.820068359375,0.004930251931300589
2024-07-01,2804.31005859375,0.0023169733621637434
2024-07-02,2780.860107421875,-0.008397269293774379
2024-07-03,2794.010009765625,0.004717572411714777
2024-07-04,2824.93994140625,0.011009261271577309
2024-07-05,2862.22998046875,0.013113929770547372
2024-07-08,2857.760009765625,-0.001562929872490848
2024-07-09,2867.3798828125,0.0033605753853533926
2024-07-10,2867.989990234375,0.00021275259928454915
2024-07-11,2891.35009765625,0.008112122281097811
2024-07-12,2857.0,-0.011951431608366647
2024-07-15,2860.919921875,0.0013711008697754323
2024-07-16,2866.090087890625,0.0018055381119843616
2024-07-17,2843.2900390625,-0.007986916100819919
2024-07-18,2824.35009765625,-0.006683561924626602
2024-07-19,2795.4599609375,-0.010281625506734393
2024-07-22,2763.510009765625,-0.011495044280203537
2024-07-23,2774.2900390625,0.003893258268016453
2024-07-24,2758.7099609375,-0.005631707682376863
2024-07-25,2710.64990234375,-0.017574742500380935
2024-07-26,2731.89990234375,0.007808879567633653
2024-07-29,2765.530029296875,0.012235006864367293
2024-07-30,2738.18994140625,-0.00993521215731974
2024-07-31,2770.68994140625,0.011799268726885082
2024-08-01,2777.679931640625,0.0025196567973688744
2024-08-02,2676.18994140625,-0.03722190295640715
2024-08-05,2441.550048828125,-0.09176101582349538
2024-08-06,2522.14990234375,0.032478570138184004
2024-08-07,2568.409912109375,0.018175322524368376
2024-08-08,2556.72998046875,-0.004557905581437538
2024-08-09,2588.429931640625,0.012322397292335197
2024-08-12,2618.300048828125,0.011473782966725743
2024-08-13,2621.5,0.0012214021679719522
2024-08-14,2644.5,0.008735338493447209
2024-08-16,2697.22998046875,0.019743301697017657
2024-08-19,2674.360107421875,-0.008515173667480447
2024-08-20,2696.6298828125,0.008292662266021544
2024-08-21,2701.1298828125,0.0016673587702769055
2024-08-22,2707.669921875,0.002418297029259442
2024-08-23,2701.68994140625,-0.00221097618052557
2024-08-26,2698.010009765625,-0.001363013590983897
2024-08-27,2689.25,-0.0032521235175053675
2024-08-28,2689.830078125,0.0002156793053176287
2024-08-29,2662.280029296875,-0.010295114117275794
2024-08-30,2674.31005859375,0.004508515541317593
2024-09-02,2681.0,0.002498434194484922
2024-09-03,2664.6298828125,-0.006124692026616252
2024-09-04,2580.800048828125,-0.031965719918635394
2024-09-05,2575.5,-0.002055757285067905
2024-09-06,2544.280029296875,-0.012195976194220748
2024-09-09,2535.929931640625,-0.0032873071152526023
2024-09-10,2523.429931640625,-0.004941346641493816
2024-09-11,2513.3701171875,-0.003994531342135232
2024-09-12,2572.090087890625,0.023094303427606988
2024-09-13,2575.409912109375,0.0012898784571309108
2024-09-19,2580.800048828125,0.0020907366934324045
2024-09-20,2593.3701171875,0.004858786118490777
2024-09-23,2602.010009765625,0.0033259936065155316
2024-09-24,2631.679931640625,0.01133817251530278
2024-09-25,2596.320068359375,-0.013527315410456708
2024-09-26,2671.570068359375,0.02857125602965649
2024-09-27,2649.780029296875,-0.008189711427787572
2024-09-30,2593.27001953125,-0.021556993578629502
2024-10-02,2561.68994140625,-0.012252461100559664
2024-10-04,2569.7099609375,0.003125862811003799
2024-10-07,2610.3798828125,0.015702722841578698
2024-10-08,2594.360107421875,-0.006155860238648891
2024-10-10,2599.159912109375,0.0018483826137183357
2024-10-11,2596.909912109375,-0.0008660392245465331
2024-10-14,2623.2900390625,0.010107027226819554
2024-10-15,2633.449951171875,0.0038654849884176556
2024-10-16,2610.360107421875,-0.008806571069841063
2024-10-17,2609.300048828125,-0.0004061791674523363
2024-10-18,2593.820068359375,-0.005950285902931007
2024-10-21,2604.919921875,0.004270215630473473
2024-10-22,2570.699951171875,-0.01322371820274526
2024-10-23,2599.6201171875,0.011187109211522106
2024-10-24,2581.030029296875,-0.0071767701569172004
2024-10-25,2583.27001953125,0.0008674904067040856
2024-10-28,2612.429931640625,0.011224750678356266
2024-10-29,2617.800048828125,0.0020534925212185584
2024-10-30,2593.7900390625,-0.0092141474031191
2024-10-31,2556.14990234375,-0.014617959589768859
2024-11-01,2542.360107421875,-0.005409356271093735
2024-11-04,2588.969970703125,0.01816727613686364
2024-11-05,2576.8798828125,-0.004680782565369412
2024-11-06,2563.510009765625,-0.005201902375145728
2024-11-07,2564.6298828125,0.0004367560511742141
2024-11-08,2561.14990234375,-0.001357834768283439
2024-11-11,2531.659912109375,-0.011581158894919952
2024-11-12,2482.570068359375,-0.019580837891117753
2024-11-13,2417.080078125,-0.026734109078492274
2024-11-14,2418.860107421875,0.0007361668295997603
2024-11-15,2416.860107421875,-0.0008271777626411847
2024-11-18,2469.070068359375,0.021372367761245847
2024-11-19,2471.949951171875,0.0011657038940260378
2024-11-20,2482.2900390625,0.004174243849744741
2024-11-21,2480.6298828125,-0.0006690240173359285
2024-11-22,2501.239990234375,0.00827409206930163
2024-11-25,2534.340087890625,0.013146677792691186
2024-11-26,2520.360107421875,-0.005531491710474512
2024-11-27,2503.06005859375,-0.006887784279020259
2024-11-28,2504.669921875,0.0006429513344317073
2024-11-29,2455.909912109375,-0.01965962926521314
2024-12-02,2454.47998046875,-0.0005824106485743386
2024-12-03,2500.10009765625,0.018415851908771153
2024-12-04,2464.0,-0.01454472446383992
2024-12-05,2441.85009765625,-0.0090300569380517
2024-12-06,2428.159912109375,-0.005622256045208829
2024-12-09,2360.580078125,-0.028226348037658333
2024-12-10,2417.840087890625,0.023967231315023874
2024-12-11,2442.510009765625,0.010151587125047712
2024-12-12,2482.1201171875,0.01608687784228735
2024-12-13,2494.4599609375,0.004959176320362246
2024-12-16,2488.969970703125,-0.0022032987442877072
2024-12-17,2456.81005859375,-0.013005174187676438
2024-12-18,2484.429931640625,0.011179445144064104
2024-12-19,2435.929931640625,-0.019714643725532888
2024-12-20,2404.14990234375,-0.013132215626441734
2024-12-23,2442.010009765625,0.01562510457003352
2024-12-24,2440.52001953125,-0.0006103353268436251
2024-12-26,2429.669921875,-0.004455725849632941
2024-12-27,2404.77001953125,-0.010301140496020267
2024-12-30,2399.489990234375,-0.0021980623080368744
2025-01-02,2398.93994140625,-0.00022926200376804928
2025-01-03,2441.919921875,0.017757634426931013
2025-01-06,2488.639892578125,0.01895175023368534
2025-01-07,2492.10009765625,0.00138943435777783
2025-01-08,2521.050048828125,0.011549733059391443
2025-01-09,2521.89990234375,0.00033704618602126146
2025-01-10,2515.780029296875,-0.0024296406839914297
2025-01-13,2489.56005859375,-0.01047689470814639
2025-01-14,2497.39990234375,0.0031441400251379648
2025-01-15,2496.81005859375,-0.00023621103532089904
2025-01-16,2527.489990234375,0.012212771001745892
2025-01-17,2523.550048828125,-0.0015600518605491942
2025-01-20,2520.050048828125,-0.0013878977294217165
2025-01-21,2518.030029296875,-0.0008019005685397929
2025-01-22,2547.06005859375,0.011462914446696004
2025-01-23,2515.489990234375,-0.012472164144023523
2025-01-24,2536.800048828125,0.008435851783594295
2025-01-31,2517.3701171875,-0.007688711191384812
2025-02-03,2453.949951171875,-0.025515801013280104
2025-02-04,2481.68994140625,0.011240804811394334
2025-02-05,2509.27001953125,0.011052125876112484
2025-02-06,2536.75,0.010891852204292896
2025-02-07,2521.919921875,-0.005863248972289625
2025-02-10,2521.27001953125,-0.000257734630223716
2025-02-11,2539.050048828125,0.007027263977400722
2025-02-12,2548.389892578125,0.0036717305169489123
2025-02-13,2583.169921875,0.013555551579118585
2025-02-14,2591.050048828125,0.0030459211591908897
2025-02-17,2610.419921875,0.007447880193335976
2025-02-18,2626.81005859375,0.0062591065462997975
2025-02-19,2671.52001953125,0.016877401582585883
2025-02-20,2654.06005859375,-0.006557041012846376
2025-02-21,2654.580078125,0.00019591440350907874
2025-02-24,2645.27001953125,-0.003513332641023048
2025-02-25,2630.2900390625,-0.0056790257575354275
2025-02-26,2641.090087890625,0.004097622891746866
2025-02-27,2621.75,-0.007349710280896815
2025-02-28,2532.780029296875,-0.034524508451102776
2025-03-04,2528.919921875,-0.0015252220429609054
2025-03-05,2558.1298828125,0.011484173771036055
2025-03-06,2576.159912109375,0.0070234069882291195
2025-03-07,2563.47998046875,-0.0049341812388634665
2025-03-10,2570.389892578125,0.002691893816107793
2025-03-11,2537.60009765625,-0.012838805632727102
2025-03-12,2574.820068359375,0.014560864366845117
2025-03-13,2573.639892578125,-0.0004584577954860336
2025-03-14,2566.360107421875,-0.0028326031220942127
2025-03-17,2610.68994140625,0.01712593737654
2025-03-18,2612.340087890625,0.0006318732728027854
2025-03-19,2628.6201171875,0.00621263319044818
2025-03-20,2637.10009765625,0.0032208273335889714
2025-03-21,2643.1298828125,0.0022839110416121855
2025-03-24,2632.070068359375,-0.004193141780546306
2025-03-25,2615.81005859375,-0.006196811438107908
2025-03-26,2643.93994140625,0.01069638329316458
2025-03-27,2607.14990234375,-0.014012573442491849
2025-03-28,2557.97998046875,-0.019039756355993198
2025-03-31,2481.1201171875,-0.030507758516983507
2025-04-01,2521.389892578125,0.016100175786936788
2025-04-02,2505.860107421875,-0.006178262292535486
2025-04-03,2486.699951171875,-0.007675521212054726
2025-04-04,2465.419921875,-0.008594363959806728
2025-04-07,2328.199951171875,-0.05726673082840961
2025-04-08,2334.22998046875,0.0025866480558001115
2025-04-09,2293.699951171875,-0.017515850985222237
2025-04-10,2445.06005859375,0.06390347353707071
2025-04-11,2432.719970703125,-0.005059725589454445
2025-04-14,2455.889892578125,0.009479216390028355
2025-04-15,2477.409912109375,0.008724446875117309
2025-04-16,2447.429931640625,-0.012175157673297576
2025-04-17,2470.409912109375,0.009345626720676847
2025-04-18,2483.419921875,0.005252517794372302
2025-04-21,2488.419921875,0.002011328539428092
2025-04-22,2486.639892578125,-0.0007155810941847918
2025-04-23,2525.56005859375,0.01553048508594923
2025-04-24,2522.330078125,-0.0012797350267472751
2025-04-25,2546.300048828125,0.009458235773794677
2025-04-28,2548.860107421875,0.001004898268425869
2025-04-29,2565.419921875,0.006475934924034199
2025-04-30,2556.610107421875,-0.003439973248984707
2025-05-02,2559.7900390625,0.0012430349304333177
2025-05-07,2573.800048828125,0.005458185911882296
2025-05-08,2579.47998046875,0.0022043956114945473
2025-05-09,2577.27001953125,-0.0008571139080988388
2025-05-12,2607.330078125,0.011596032430544412
2025-05-13,2608.419921875,0.0004179049094998888
2025-05-14,2640.570068359375,0.01225018474014572
2025-05-15,2621.360107421875,-0.007301520787798665
2025-05-16,2626.8701171875,0.0020997599397425404
2025-05-19,2603.419921875,-0.008967132710409054
2025-05-20,2601.800048828125,-0.0006224033213904079
2025-05-21,2625.580078125,0.009098321821109145
2025-05-22,2593.669921875,-0.012228022747187595
2025-05-23,2592.090087890625,-0.0006092970096087669
2025-05-26,2644.39990234375,0.019979625531140854
2025-05-27,2637.219970703125,-0.0027188386275787124
2025-05-28,2670.14990234375,0.012409293115841713
2025-05-29,2720.639892578125,0.018732493228093006
2025-05-30,2697.669921875,-0.008478698743937585
2025-06-02,2698.969970703125,0.00048179937114589677
2025-06-04,2770.840087890625,0.026280347154458816
2025-06-05,2812.050048828125,0.014763217047208066
2025-06-09,2855.77001953125,0.015427743767721935
2025-06-10,2871.85009765625,0.005614939553634457
2025-06-11,2907.0400390625,0.012178939394781985
2025-06-12,2920.030029296875,0.0044585054238890365
2025-06-13,2894.6201171875,-0.008740018133468475
2025-06-16,2946.659912109375,0.017818413608619466
2025-06-17,2950.300048828125,0.0012345809383882411
2025-06-18,2972.18994140625,0.007392158464907261
2025-06-19,2977.739990234375,0.0018655851418731828
2025-06-20,3021.840087890625,0.014701326211143062
2025-06-23,3014.469970703125,-0.0024419291846520252
2025-06-24,3103.639892578125,0.029151564321923118
2025-06-25,3108.25,0.0014842852490861702
2025-06-26,3079.56005859375,-0.009273118186674978
2025-06-27,3055.93994140625,-0.0076995302342783845
2025-06-30,3071.699951171875,0.005143919940662656
2025-07-01,3089.64990234375,0.0058266459077032096
2025-07-02,3075.06005859375,-0.004733351960572563
2025-07-03,3116.27001953125,0.01331234775511092
2025-07-04,3054.280029296875,-0.020092884848342152
2025-07-07,3059.469970703125,0.0016977935482866968
2025-07-08,3114.949951171875,0.017971396298008813
2025-07-09,3133.739990234375,0.006014091233158325
2025-07-10,3183.22998046875,0.01566922212504096
2025-07-11,3175.77001953125,-0.0023462696523797177
2025-07-14,3202.030029296875,0.008234864047754087
2025-07-15,3215.280029296875,0.0041294619420799705
2025-07-16,3186.3798828125,-0.009029015354370173
2025-07-17,3192.2900390625,0.0018531004154986874
2025-07-18,3188.070068359375,-0.0013228003584178083
2025-07-21,3210.81005859375,0.007107520538756518
2025-07-22,3169.93994140625,-0.012810618226849257
2025-07-23,3183.77001953125,0.004353393545617479
2025-07-24,3190.449951171875,0.002095922047459453
2025-07-25,3196.050048828125,0.001753730240832141
2025-07-28,3209.52001953125,0.004205711720929983
2025-07-29,3230.570068359375,0.006537214077932063
2025-07-30,3254.469970703125,0.007370813566081935
2025-07-31,3245.43994140625,-0.002778510849653415
2025-08-01,3119.409912109375,-0.03960706293054095
2025-08-04,3147.75,0.009044058699929636
2025-08-05,3198.0,0.015837702512088825
2025-08-06,3198.139892578125,4.3742813788938406e-05
2025-08-07,3227.679931640625,0.009194234499245724
2025-08-08,3210.010009765625,-0.00548953628068638
2025-08-11,3206.77001953125,-0.0010098493309502743
2025-08-12,3189.909912109375,-0.005271530433248017
2025-08-13,3224.3701171875,0.010744942991852469
2025-08-14,3225.659912109375,0.0003999345532381682
2025-08-18,3177.280029296875,-0.01511205914117042
2025-08-19,3151.56005859375,-0.008127907148983482
2025-08-20,3130.090087890625,-0.006835800723301588
2025-08-21,3141.739990234375,0.00371499724870894
2025-08-22,3168.72998046875,0.008554087076353412
2025-08-25,3209.860107421875,0.01289648541326116
2025-08-26,3179.360107421875,-0.009547403487239592
2025-08-27,3187.159912109375,0.0024502580894818493
2025-08-28,3196.320068359375,0.0028699588830711775
2025-08-29,3186.010009765625,-0.0032308161551437564
2025-09-01,3142.929931640625,-0.013613889177756633
2025-09-02,3172.35009765625,0.00931720484601506
2025-09-03,3184.419921875,0.0037974753487670654
2025-09-04,3200.830078125,0.005140031284465607
2025-09-05,3205.1201171875,0.0013393921504381012
2025-09-08,3219.590087890625,0.004504481823451201
2025-09-09,3260.050048828125,0.012488498106613122
2025-09-10,3314.530029296875,0.016573294974170594
2025-09-11,3344.199951171875,0.008911644809387553
2025-09-12,3395.5400390625,0.015235329858242608
2025-09-15,3407.31005859375,0.003460323572221924
2025-09-16,3449.6201171875,0.012340973144409517
2025-09-17,3413.39990234375,-0.010555280627617236
2025-09-18,3461.300048828125,0.013935421760971067
2025-09-19,3445.239990234375,-0.004650689766426908
2025-09-22,3468.64990234375,0.0067718757268604435
2025-09-23,3486.18994140625,0.00504399142011458
2025-09-24,3472.139892578125,-0.0040383449067853405
2025-09-25,3471.110107421875,-0.0002966291473889271
2025-09-26,3386.050048828125,-0.02481039377154204
2025-09-29,3431.2099609375,0.013248892555434821
2025-09-30,3424.60009765625,-0.0019282521752490567
2025-10-01,3455.830078125,0.009077977435023143
2025-10-02,3549.2099609375,0.02666234998159034
2025-10-10,3610.60009765625,0.017148958062065844
2025-10-13,3584.550048828125,-0.007241033785330586
2025-10-14,3561.81005859375,-0.00636409770659796
2025-10-15,3657.280029296875,0.02645085066207109
2025-10-16,3748.3701171875,0.02460140034664171
2025-10-17,3748.889892578125,0.00013865742705654327
2025-10-20,3814.68994140625,0.017399620372057
2025-10-21,3823.840087890625,0.0023957884111069916
2025-10-22,3883.679931640625,0.015527963849278237
2025-10-23,3845.56005859375,-0.00986388886137135
2025-10-24,3941.590087890625,0.024664966219440032
2025-10-27,4042.830078125,0.02536074361288776
2025-10-28,4010.409912109375,-0.008051502549474066
2025-10-29,4081.14990234375,0.017485328951433843
2025-10-30,4086.889892578125,0.0014054758114241395
2025-10-31,4107.5,0.005030307601145978
2025-11-03,4221.8701171875,0.02746361468576808
2025-11-04,4121.740234375,-0.024002724449667667
2025-11-05,4004.419921875,-0.028876729618316332
2025-11-06,4026.449951171875,0.005486350769926318
2025-11-07,3953.760009765625,-0.018218054968127007
2025-11-10,4073.239990234375,0.02977172180949239
2025-11-11,4106.39013671875,0.008105581173708742
2025-11-12,4150.39013671875,0.010658008339872183
2025-11-13,4170.6298828125,0.00486473676587984
2025-11-14,4011.570068359375,-0.038884372506208464
2025-11-17,4089.25,0.019178876224883012
2025-11-18,3953.6201171875,-0.03372993459583107
2025-11-19,3929.510009765625,-0.0061169059015764304
2025-11-20,4004.85009765625,0.018991412360819027
2025-11-21,3853.260009765625,-0.03858660523237134
2025-11-24,3846.06005859375,-0.0018702828838677021
2025-11-25,3857.780029296875,0.0030426331831918674
2025-11-26,3960.8701171875,0.02637183160568135
2025-11-27,3986.909912109375,0.006552745043663322
2025-11-28,3926.590087890625,-0.01524508560603266
2025-12-01,3920.3701171875,-0.0015853201349962376
2025-12-02,3994.929931640625,0.018839973055639447
2025-12-03,4036.300048828125,0.010302402796192212
2025-12-04,4028.510009765625,-0.0019318598773327977
2025-12-05,4100.0498046875,0.017602538151560765
2025-12-08,4154.85009765625,0.013277228955638876
2025-12-09,4143.5498046875,-0.0027234888862004425
2025-12-10,4135.0,-0.002065532715020524
2025-12-11,4110.6201171875,-0.005913431254485957
2025-12-12,4167.16015625,0.013660888905809188
2025-12-15,4090.590087890625,-0.018545550711136727
2025-12-16,3999.1298828125,-0.022612427255754852
2025-12-17,4056.409912109375,0.014221516165596526
2025-12-18,3994.510009765625,-0.015377403501862119
2025-12-19,4020.550048828125,0.006497800513699303
2025-12-22,4105.93017578125,0.02101359170333872
2025-12-23,4117.31982421875,0.0027701105331150444
2025-12-24,4108.6201171875,-0.002115189349005675
2025-12-26,4129.68017578125,0.005112730471248383
2025-12-29,4220.56005859375,0.021767869852380883
2025-12-30,4214.169921875,-0.0015151968008684236
2026-01-02,4309.6298828125,0.02239938862311419
2026-01-05,4457.52001953125,0.033740535575855546
2026-01-06,4525.47998046875,0.015131082611612001
2026-01-07,4551.06005859375,0.005636541179656618
2026-01-08,4552.3701171875,0.00028781647741560334
2026-01-09,4586.31982421875,0.007429919042639455
2026-01-12,4624.7900390625,0.008353051716433413
2026-01-13,4692.64013671875,0.0145643800365729
2026-01-14,4723.10009765625,0.0064700313383827535
2026-01-15,4797.5498046875,0.01563994587995232
2026-01-16,4840.740234375,0.008962319791464779
2026-01-19,4904.66015625,0.013118155427973122
2026-01-20,4885.75,-0.0038630005207540563
2026-01-21,4909.93017578125,0.00493691595878154
2026-01-22,4952.52978515625,0.008638792851479948
2026-01-23,4990.06982421875,0.007551388756628086
2026-01-26,4949.58984375,-0.008145189195891689
2026-01-27,5084.85009765625,0.026960836446647818
2026-01-28,5170.81005859375,0.016763810948450697
2026-01-29,5221.25,0.009707476135103477
2026-01-30,5224.35986328125,0.0005954393116027745
2026-02-02,4949.669921875,-0.05401138423312091
2026-02-03,5288.080078125,0.06613435389405353
2026-02-04,5371.10009765625,0.015577501636808933
2026-02-05,5163.56982421875,-0.03940458074770348
2026-02-06,5089.14013671875,-0.014519282281423074
2026-02-09,5298.0400390625,0.04022806380379507
2026-02-10,5301.68994140625,0.0006886783898707449
2026-02-11,5354.490234375,0.009909878437580844
2026-02-12,5522.27001953125,0.03085350613650739
2026-02-13,5507.009765625,-0.002767227587208154
2026-02-19,5677.25,0.03044517697262883
2026-02-20,5808.52978515625,0.022860529252408668
2026-02-23,5846.08984375,0.006445545170212341
2026-02-24,5969.64013671875,0.020913611995846182
2026-02-25,6083.85986328125,0.018952693501949724
2026-02-26,6307.27001953125,0.036063598955438536
2026-02-27,6244.1298828125,-0.010061135782482467
2026-03-03,5791.91015625,-0.0751796603900754
2026-03-04,5093.5400390625,-0.1284890654335964
2026-03-05,5583.89990234375,0.091914361669021
2026-03-06,5584.8701171875,0.0001737370980858799
2026-03-09,5251.8701171875,-0.061476950627014304
2026-03-10,5532.58984375,0.052071806106740226
2026-03-11,5609.9501953125,0.013885809575112873
2026-03-12,5583.25,-0.004770797535840643
2026-03-13,5487.240234375,-0.017345604536938453
2026-03-16,5549.85009765625,0.011345478380766494
2026-03-17,5640.47998046875,0.016198246846634845
2026-03-18,5925.02978515625,0.04921654923023944
2026-03-19,5763.22021484375,-0.02768933047296862
2026-03-20,5781.2001953125,0.0031149238104450916
2026-03-23,5405.75,-0.06714810550475825
2026-03-24,5553.919921875,0.027040768809230897
2026-03-25,5642.2099609375,0.015771855126438084
2026-03-26,5460.4599609375,-0.032742797668930734
2026-03-27,5438.8701171875,-0.0039616878896033825
2026-03-30,5277.2998046875,-0.030156773968100126
2026-03-31,5052.4599609375,-0.043539320620819666
2026-04-01,5478.7001953125,0.08099263652928812
2026-04-02,5234.0498046875,-0.04568256251960179
2026-04-03,5377.2998046875,0.027001033472952685
2026-04-06,5450.330078125,0.013489818492036676
2026-04-07,5494.77978515625,0.008122339923014366
2026-04-08,5872.33984375,0.06645465337775569
2026-04-09,5778.009765625,-0.01619387275359152
2026-04-10,5858.8701171875,0.01389748004957525
2026-04-13,5808.6201171875,-0.00861373092026696
2026-04-14,5967.75,0.02702693063237227
2026-04-15,6091.39013671875,0.02050634920064809
2026-04-16,6226.0498046875,0.02186575031111282
2026-04-17,6191.919921875,-0.00549686776530578
2026-04-20,6219.08984375,0.004378364982738248
2026-04-21,6388.47021484375,0.026871268057311326
2026-04-22,6417.93017578125,0.0046008264625942985
2026-04-23,6475.81005859375,0.008978042142159026
2026-04-24,6475.6298828125,-2.782328174610882e-05
2026-04-27,6615.02978515625,0.021298418172776223
2026-04-28,6641.02001953125,0.003921268863777527
2026-04-29,6690.89990234375,0.007482810554817476
2026-04-30,6598.8701171875,-0.013849939633079345
2026-05-04,6936.990234375,0.04996955663163405
2026-05-06,7384.56005859375,0.06252334526974934
2026-05-07,7490.0498046875,0.014184105085202958
2026-05-08,7498.0,0.0010608713157118643
2026-05-11,7822.240234375,0.042334670201393365
2026-05-12,7643.14990234375,-0.0231611794225266
2026-05-13,7844.009765625,0.025940344220979128
2026-05-14,7981.41015625,0.017364953846071174
2026-05-15,7493.18017578125,-0.06312181018623875
2026-05-18,7516.0400390625,0.003046111740653501
2026-05-19,7271.66015625,-0.03305478611984647
2026-05-20,7208.9501953125,-0.008661285877483493
2026-05-21,7815.58984375,0.08079710015628905
2026-05-22,7847.7099609375,0.004101327640034569
2026-05-26,8047.509765625,0.025140933175025637
2026-05-27,8228.7001953125,0.022265369571915272
2026-05-28,8185.2900390625,-0.00528942162640611
2026-05-29,8476.150390625,0.03491773772797302
2026-06-01,8788.3798828125,0.0361739976744726
2026-06-02,8801.490234375,0.0014906709262625384
2026-06-04,8639.41015625,-0.018586740429300974
2026-06-05,8160.58984375,-0.05701786039610468
2026-06-08,7484.41015625,-0.08649423981065851
2026-06-09,8096.93017578125,0.07866278787277459
2026-06-10,7730.81982421875,-0.04627008475651273
2026-06-11,7763.9501953125,0.004276336020479832
2026-06-12,8123.6201171875,0.045284631599024294
2026-06-15,8545.98046875,0.05068516973130244
2026-06-16,8726.599609375,0.020914735809201446
2026-06-17,8864.240234375,0.015649444288671432
2026-06-18,9063.83984375,0.022267622189245273
2026-06-19,9052.419921875,-0.001260737429841896
2026-06-22,9114.5498046875,0.006839899661015281
2026-06-23,8203.83984375,-0.10526969801920671
2026-06-24,8471.01953125,0.03204855281486729
2026-06-25,8930.2998046875,0.0527990959709701
2026-06-26,8411.2099609375,-0.05988463174897163
2026-06-29,8394.650390625,-0.0019706906192666906
2026-06-30,8476.48046875,0.009700679878784868
2026-07-01,8303.41015625,-0.020629031968175227
2026-07-02,7648.08984375,-0.08221036958823547
2026-07-03,8088.33984375,0.055967576070880654
2026-07-06,8051.330078125,-0.004586194224978968
2026-07-07,7656.31005859375,-0.05030715277626285
2026-07-08,7246.7900390625,-0.05497153451231718
2026-07-09,7291.91015625,0.006206918285510454
2026-07-10,7475.93994140625,0.02492432016610202
2026-07-13,6806.93017578125,-0.09374861933613765
2026-07-14,6856.830078125,0.0073040105003272515
2026-07-15,7284.41015625,0.060491222279690504
2026-07-16,6820.60009765625,-0.06578901064207443
2026-07-20,6516.27001953125,-0.04564532950036515
2026-07-21,6747.9501953125,0.034936654654675436
2026-07-22,6797.7001953125,0.007345564408229421
2026-07-23,7096.89013671875,0.04307233077486394
2026-07-24,6690.6201171875,-0.05895011618400936
2026-07-27,6755.75,0.009687431119935752
2026-07-28,6023.66015625,-0.11469892017535166
2026-07-29,5663.240234375,-0.06169886595833951
2026-07-30,5593.56005859375,-0.012380261523805558
2026-07-31,6595.4501953125,0.16476410050600698
2026-08-03,6257.4501953125,-0.052607261871774114
2026-08-04,6358.9501953125,0.016090515004263395
2026-08-05,6598.259765625,0.03694264229241995
2026-08-06,6296.3798828125,-0.04683109592651036
2026-08-07,6258.77001953125,-0.005991163159533741
2026-08-10,6299.66015625,0.0065120051863107875
2026-08-11,6345.52978515625,0.007254905669134004
2026-08-12,6579.0400390625,0.03613824981491476
2026-08-13,6813.33984375,0.03499358823338916
2026-08-14,6977.93994140625,0.02387130367079493
2026-08-18,6869.830078125,-0.015614363847348045
2026-08-19,6471.169921875,-0.05978245731824039
2026-08-20,6852.580078125,0.057268320386045346
2026-08-21,6912.9501953125,0.008771257341416927
2026-08-24,6696.9599609375,-0.03174280618666003
2026-08-25,6742.740234375,0.006812719009984036
2026-08-26,6808.2099609375,0.009662825857702728
2026-08-27,6912.3701171875,0.015183345993724728
2026-08-28,6788.8798828125,-0.018026614865144452
2026-08-31,6820.02001953125,0.004576445016381214
2026-09-01,6835.7998046875,0.0023110721117838295
2026-09-02,6562.72021484375,-0.04076829547563143
2026-09-03,6579.47998046875,0.0025505279879141085
2026-09-04,6687.2099609375,0.016241029064234525
2026-09-07,6995.39013671875,0.045054639262939844
2026-09-08,6954.52001953125,-0.005859569512313811
2026-09-09,7051.64013671875,0.013868422567950844
2026-09-10,7033.919921875,-0.0025160837224014188
2026-09-11,6909.91015625,-0.01778751384549615
2026-09-14,6684.3701171875,-0.03318465289834904
2026-09-15,6627.259765625,-0.008580572396686748
2026-09-16,6717.97021484375,0.013594647135674265
2026-09-17,6715.41015625,-0.0003811488328366863
2026-09-18,6894.22998046875,0.026279918336262753
2026-09-21,7007.72021484375,0.01632760210690165
2026-09-22,7017.91015625,0.0014530460206785278
2026-09-23,7080.919921875,0.008938356556530636
2026-09-28,6889.740234375,-0.027370449250886608
2026-09-29,6870.81005859375,-0.002751370740279313
2026-09-30,6838.0400390625,-0.0047808651660172785
