ticker,name,sector,fiscal_q,announce_date,announce_time,timing,source,report_nm,rcept_no,n_candidates
024110,기업은행,bank,2019Q1,2019-04-25,,미확인,opendart,연결재무제표기준영업(잠정)실적(공정공시),20190425800448,1
024110,기업은행,bank,2019Q2,2019-07-25,,미확인,opendart,연결재무제표기준영업(잠정)실적(공정공시),20190725800343,1
024110,기업은행,bank,2019Q3,2019-10-25,,미확인,opendart,연결재무제표기준영업(잠정)실적(공정공시),20191025800242,1
024110,기업은행,bank,2019Q4,2020-02-10,,미확인,opendart,매출액또는손익구조30%(대규모법인15%)미만변경(자율공시),20200210800652,1
024110,기업은행,bank,2020Q1,2020-04-27,,미확인,opendart,연결재무제표기준영업(잠정)실적(공정공시),20200427800328,1
024110,기업은행,bank,2020Q2,2020-07-27,,미확인,opendart,연결재무제표기준영업(잠정)실적(공정공시),20200727800253,1
024110,기업은행,bank,2020Q3,2020-10-27,,미확인,opendart,연결재무제표기준영업(잠정)실적(공정공시),20201027800297,1
024110,기업은행,bank,2020Q4,2021-02-05,,미확인,opendart,매출액또는손익구조30%(대규모법인15%)미만변경(자율공시),20210205800578,1
024110,기업은행,bank,2021Q1,2021-04-26,,미확인,opendart,연결재무제표기준영업(잠정)실적(공정공시),20210426800297,1
024110,기업은행,bank,2021Q2,2021-07-26,,미확인,opendart,연결재무제표기준영업(잠정)실적(공정공시),20210726800249,1
024110,기업은행,bank,2021Q3,2021-10-26,,미확인,opendart,연결재무제표기준영업(잠정)실적(공정공시),20211026800233,1
024110,기업은행,bank,2021Q4,2022-02-08,,미확인,opendart,매출액또는손익구조30%(대규모법인은15%)이상변경,20220208800514,1
024110,기업은행,bank,2022Q1,2022-04-25,,미확인,opendart,연결재무제표기준영업(잠정)실적(공정공시),20220425800272,1
024110,기업은행,bank,2022Q2,2022-07-22,,미확인,opendart,연결재무제표기준영업(잠정)실적(공정공시),20220722800246,1
024110,기업은행,bank,2022Q3,2022-10-26,,미확인,opendart,연결재무제표기준영업(잠정)실적(공정공시),20221026800315,1
024110,기업은행,bank,2022Q4,2023-02-07,,미확인,opendart,매출액또는손익구조30%(대규모법인은15%)이상변경,20230207800426,1
024110,기업은행,bank,2023Q1,2023-04-27,,미확인,opendart,연결재무제표기준영업(잠정)실적(공정공시),20230427800440,1
024110,기업은행,bank,2023Q2,2023-07-25,,미확인,opendart,연결재무제표기준영업(잠정)실적(공정공시),20230725800240,1
024110,기업은행,bank,2023Q3,2023-10-27,,미확인,opendart,연결재무제표기준영업(잠정)실적(공정공시),20231027800383,1
024110,기업은행,bank,2023Q4,2024-02-07,,미확인,opendart,매출액또는손익구조30%(대규모법인15%)미만변경(자율공시),20240207800528,1
024110,기업은행,bank,2024Q1,2024-04-29,,미확인,opendart,연결재무제표기준영업(잠정)실적(공정공시),20240429800407,1
024110,기업은행,bank,2024Q2,2024-07-29,,미확인,opendart,연결재무제표기준영업(잠정)실적(공정공시),20240729800271,1
024110,기업은행,bank,2024Q3,2024-11-01,,미확인,opendart,연결재무제표기준영업(잠정)실적(공정공시),20241101800321,1
024110,기업은행,bank,2024Q4,2025-02-10,,미확인,opendart,매출액또는손익구조30%(대규모법인15%)미만변경(자율공시),20250210800909,1
024110,기업은행,bank,2025Q1,2025-04-25,,미확인,opendart,연결재무제표기준영업(잠정)실적(공정공시),20250425800493,1
024110,기업은행,bank,2025Q2,2025-07-24,,미확인,opendart,연결재무제표기준영업(잠정)실적(공정공시),20250724800196,1
024110,기업은행,bank,2025Q3,2025-10-30,,미확인,opendart,연결재무제표기준영업(잠정)실적(공정공시),20251030800319,1
024110,기업은행,bank,2025Q4,2026-02-05,,미확인,opendart,매출액또는손익구조30%(대규모법인15%)미만변경(자율공시),20260205800397,1
024110,기업은행,bank,2026Q1,2026-04-24,,미확인,opendart,연결재무제표기준영업(잠정)실적(공정공시),20260424800766,1
024110,기업은행,bank,2026Q2,2026-07-27,,미확인,opendart,연결재무제표기준영업(잠정)실적(공정공시),20260727800560,1
055550,신한지주,bank,2019Q1,2019-04-25,,미확인,opendart,연결재무제표기준영업(잠정)실적(공정공시),20190425800458,1
055550,신한지주,bank,2019Q2,2019-07-25,,미확인,opendart,연결재무제표기준영업(잠정)실적(공정공시),20190725800362,1
055550,신한지주,bank,2019Q3,2019-10-25,,미확인,opendart,연결재무제표기준영업(잠정)실적(공정공시),20191025800277,1
055550,신한지주,bank,2019Q4,2020-02-05,,미확인,opendart,연결재무제표기준영업(잠정)실적(공정공시),20200205800438,1
055550,신한지주,bank,2020Q1,2020-04-24,,미확인,opendart,연결재무제표기준영업(잠정)실적(공정공시),20200424800444,1
055550,신한지주,bank,2020Q2,2020-07-24,,미확인,opendart,연결재무제표기준영업(잠정)실적(공정공시),20200724800329,1
055550,신한지주,bank,2020Q3,2020-10-27,,미확인,opendart,연결재무제표기준영업(잠정)실적(공정공시),20201027800312,1
055550,신한지주,bank,2020Q4,2021-02-05,,미확인,opendart,연결재무제표기준영업(잠정)실적(공정공시),20210205800591,1
055550,신한지주,bank,2021Q1,2021-04-23,,미확인,opendart,연결재무제표기준영업(잠정)실적(공정공시),20210423800100,1
055550,신한지주,bank,2021Q2,2021-07-27,,미확인,opendart,연결재무제표기준영업(잠정)실적(공정공시),20210727800088,1
055550,신한지주,bank,2021Q3,2021-10-26,,미확인,opendart,연결재무제표기준영업(잠정)실적(공정공시),20211026800154,1
055550,신한지주,bank,2021Q4,2022-02-09,,미확인,opendart,연결재무제표기준영업(잠정)실적(공정공시),20220209800385,1
055550,신한지주,bank,2022Q1,2022-04-22,,미확인,opendart,연결재무제표기준영업(잠정)실적(공정공시),20220422800246,1
055550,신한지주,bank,2022Q2,2022-07-22,,미확인,opendart,연결재무제표기준영업(잠정)실적(공정공시),20220722800072,1
055550,신한지주,bank,2022Q3,2022-10-25,,미확인,opendart,연결재무제표기준영업(잠정)실적(공정공시),20221025800108,1
055550,신한지주,bank,2022Q4,2023-02-08,,미확인,opendart,연결재무제표기준영업(잠정)실적(공정공시),20230208800261,1
055550,신한지주,bank,2023Q1,2023-04-27,,미확인,opendart,연결재무제표기준영업(잠정)실적(공정공시),20230427800232,1
055550,신한지주,bank,2023Q2,2023-07-27,,미확인,opendart,연결재무제표기준영업(잠정)실적(공정공시),20230727800227,1
055550,신한지주,bank,2023Q3,2023-10-27,,미확인,opendart,연결재무제표기준영업(잠정)실적(공정공시),20231027800202,1
055550,신한지주,bank,2023Q4,2024-02-08,,미확인,opendart,연결재무제표기준영업(잠정)실적(공정공시),20240208800396,1
055550,신한지주,bank,2024Q1,2024-04-26,,미확인,opendart,연결재무제표기준영업(잠정)실적(공정공시),20240426800240,1
055550,신한지주,bank,2024Q2,2024-07-26,,미확인,opendart,연결재무제표기준영업(잠정)실적(공정공시),20240726800253,1
055550,신한지주,bank,2024Q3,2024-10-25,,미확인,opendart,연결재무제표기준영업(잠정)실적(공정공시),20241025800148,1
055550,신한지주,bank,2024Q4,2025-02-06,,미확인,opendart,연결재무제표기준영업(잠정)실적(공정공시),20250206800249,1
055550,신한지주,bank,2025Q1,2025-04-25,,미확인,opendart,연결재무제표기준영업(잠정)실적(공정공시),20250425800245,1
055550,신한지주,bank,2025Q2,2025-07-25,,미확인,opendart,연결재무제표기준영업(잠정)실적(공정공시),20250725800246,1
055550,신한지주,bank,2025Q3,2025-10-28,,미확인,opendart,연결재무제표기준영업(잠정)실적(공정공시),20251028800230,1
055550,신한지주,bank,2025Q4,2026-02-05,,미확인,opendart,연결재무제표기준영업(잠정)실적(공정공시),20260205800296,1
055550,신한지주,bank,2026Q1,2026-04-23,,미확인,opendart,연결재무제표기준영업(잠정)실적(공정공시),20260423800296,1
055550,신한지주,bank,2026Q2,2026-07-23,,미확인,opendart,연결재무제표기준영업(잠정)실적(공정공시),20260723800269,1
086790,하나금융지주,bank,2019Q1,2019-04-19,,미확인,opendart,연결재무제표기준영업(잠정)실적(공정공시),20190419800532,1
086790,하나금융지주,bank,2019Q2,2019-07-26,,미확인,opendart,연결재무제표기준영업(잠정)실적(공정공시),20190726800327,1
086790,하나금융지주,bank,2019Q3,2019-10-25,,미확인,opendart,연결재무제표기준영업(잠정)실적(공정공시),20191025800238,1
086790,하나금융지주,bank,2019Q4,2020-02-04,,미확인,opendart,연결재무제표기준영업(잠정)실적(공정공시),20200204800327,1
086790,하나금융지주,bank,2020Q1,2020-04-24,,미확인,opendart,연결재무제표기준영업(잠정)실적(공정공시),20200424800413,1
086790,하나금융지주,bank,2020Q2,2020-07-23,,미확인,opendart,연결재무제표기준영업(잠정)실적(공정공시),20200723800264,1
086790,하나금융지주,bank,2020Q3,2020-10-23,,미확인,opendart,연결재무제표기준영업(잠정)실적(공정공시),20201023800320,1
086790,하나금융지주,bank,2020Q4,2021-02-05,,미확인,opendart,연결재무제표기준영업(잠정)실적(공정공시),20210205800540,2
086790,하나금융지주,bank,2021Q1,2021-04-23,,미확인,opendart,연결재무제표기준영업(잠정)실적(공정공시),20210423800351,1
086790,하나금융지주,bank,2021Q2,2021-07-22,,미확인,opendart,연결재무제표기준영업(잠정)실적(공정공시),20210722800251,1
086790,하나금융지주,bank,2021Q3,2021-10-22,,미확인,opendart,연결재무제표기준영업(잠정)실적(공정공시),20211022800287,1
086790,하나금융지주,bank,2021Q4,2022-02-10,,미확인,opendart,연결재무제표기준영업(잠정)실적(공정공시),20220210800637,1
086790,하나금융지주,bank,2022Q1,2022-04-22,,미확인,opendart,연결재무제표기준영업(잠정)실적(공정공시),20220422800440,1
086790,하나금융지주,bank,2022Q2,2022-07-22,,미확인,opendart,연결재무제표기준영업(잠정)실적(공정공시),20220722800256,1
086790,하나금융지주,bank,2022Q3,2022-10-25,,미확인,opendart,연결재무제표기준영업(잠정)실적(공정공시),20221025800182,1
086790,하나금융지주,bank,2022Q4,2023-02-09,,미확인,opendart,연결재무제표기준영업(잠정)실적(공정공시),20230209800496,1
086790,하나금융지주,bank,2023Q1,2023-04-27,,미확인,opendart,연결재무제표기준영업(잠정)실적(공정공시),20230427800329,1
086790,하나금융지주,bank,2023Q2,2023-07-27,,미확인,opendart,연결재무제표기준영업(잠정)실적(공정공시),20230727800323,1
086790,하나금융지주,bank,2023Q3,2023-10-27,,미확인,opendart,연결재무제표기준영업(잠정)실적(공정공시),20231027800313,1
086790,하나금융지주,bank,2023Q4,2024-01-31,,미확인,opendart,연결재무제표기준영업(잠정)실적(공정공시),20240131800352,1
086790,하나금융지주,bank,2024Q1,2024-04-26,,미확인,opendart,연결재무제표기준영업(잠정)실적(공정공시),20240426800390,1
086790,하나금융지주,bank,2024Q2,2024-07-26,,미확인,opendart,연결재무제표기준영업(잠정)실적(공정공시),20240726800366,1
086790,하나금융지주,bank,2024Q3,2024-10-29,,미확인,opendart,연결재무제표기준영업(잠정)실적(공정공시),20241029800223,1
086790,하나금융지주,bank,2024Q4,2025-02-04,,미확인,opendart,연결재무제표기준영업(잠정)실적(공정공시),20250204800509,1
086790,하나금융지주,bank,2025Q1,2025-04-25,,미확인,opendart,연결재무제표기준영업(잠정)실적(공정공시),20250425800410,1
086790,하나금융지주,bank,2025Q2,2025-07-25,,미확인,opendart,연결재무제표기준영업(잠정)실적(공정공시),20250725800355,1
086790,하나금융지주,bank,2025Q3,2025-10-28,,미확인,opendart,연결재무제표기준영업(잠정)실적(공정공시),20251028800341,1
086790,하나금융지주,bank,2025Q4,2026-01-30,,미확인,opendart,연결재무제표기준영업(잠정)실적(공정공시),20260130800520,1
086790,하나금융지주,bank,2026Q1,2026-04-24,,미확인,opendart,연결재무제표기준영업(잠정)실적(공정공시),20260424800377,1
086790,하나금융지주,bank,2026Q2,2026-07-24,,미확인,opendart,연결재무제표기준영업(잠정)실적(공정공시),20260724800401,1
105560,KB금융,bank,2019Q1,2019-04-24,,미확인,opendart,연결재무제표기준영업(잠정)실적(공정공시),20190424800365,1
105560,KB금융,bank,2019Q2,2019-07-18,,미확인,opendart,연결재무제표기준영업(잠정)실적(공정공시),20190718800344,1
105560,KB금융,bank,2019Q3,2019-10-24,,미확인,opendart,연결재무제표기준영업(잠정)실적(공정공시),20191024800273,1
105560,KB금융,bank,2019Q4,2020-02-06,,미확인,opendart,연결재무제표기준영업(잠정)실적(공정공시),20200206800480,1
105560,KB금융,bank,2020Q1,2020-04-23,,미확인,opendart,연결재무제표기준영업(잠정)실적(공정공시),20200423800333,1
105560,KB금융,bank,2020Q2,2020-07-21,,미확인,opendart,연결재무제표기준영업(잠정)실적(공정공시),20200721800237,1
105560,KB금융,bank,2020Q3,2020-10-22,,미확인,opendart,연결재무제표기준영업(잠정)실적(공정공시),20201022800232,1
105560,KB금융,bank,2020Q4,2021-02-04,,미확인,opendart,연결재무제표기준영업(잠정)실적(공정공시),20210204800498,1
105560,KB금융,bank,2021Q1,2021-04-22,,미확인,opendart,연결재무제표기준영업(잠정)실적(공정공시),20210422800304,1
105560,KB금융,bank,2021Q2,2021-07-22,,미확인,opendart,연결재무제표기준영업(잠정)실적(공정공시),20210722800266,1
105560,KB금융,bank,2021Q3,2021-10-21,,미확인,opendart,연결재무제표기준영업(잠정)실적(공정공시),20211021800235,1
105560,KB금융,bank,2021Q4,2022-02-08,,미확인,opendart,연결재무제표기준영업(잠정)실적(공정공시),20220208800586,1
105560,KB금융,bank,2022Q1,2022-04-22,,미확인,opendart,연결재무제표기준영업(잠정)실적(공정공시),20220422800470,1
105560,KB금융,bank,2022Q2,2022-07-21,,미확인,opendart,연결재무제표기준영업(잠정)실적(공정공시),20220721800270,1
105560,KB금융,bank,2022Q3,2022-10-25,,미확인,opendart,연결재무제표기준영업(잠정)실적(공정공시),20221025800316,1
105560,KB금융,bank,2022Q4,2023-02-07,,미확인,opendart,연결재무제표기준영업(잠정)실적(공정공시),20230207800436,1
105560,KB금융,bank,2023Q1,2023-04-27,,미확인,opendart,연결재무제표기준영업(잠정)실적(공정공시),20230427800427,1
105560,KB금융,bank,2023Q2,2023-07-25,,미확인,opendart,연결재무제표기준영업(잠정)실적(공정공시),20230725800233,1
105560,KB금융,bank,2023Q3,2023-10-24,,미확인,opendart,연결재무제표기준영업(잠정)실적(공정공시),20231024800240,1
105560,KB금융,bank,2023Q4,2024-02-07,,미확인,opendart,연결재무제표기준영업(잠정)실적(공정공시),20240207800510,1
105560,KB금융,bank,2024Q1,2024-04-25,,미확인,opendart,연결재무제표기준영업(잠정)실적(공정공시),20240425800392,1
105560,KB금융,bank,2024Q2,2024-07-23,,미확인,opendart,연결재무제표기준영업(잠정)실적(공정공시),20240723800279,1
105560,KB금융,bank,2024Q3,2024-10-24,,미확인,opendart,연결재무제표기준영업(잠정)실적(공정공시),20241024800264,1
105560,KB금융,bank,2024Q4,2025-02-05,,미확인,opendart,연결재무제표기준영업(잠정)실적(공정공시),20250205800475,1
105560,KB금융,bank,2025Q1,2025-04-24,,미확인,opendart,연결재무제표기준영업(잠정)실적(공정공시),20250424800422,1
105560,KB금융,bank,2025Q2,2025-07-24,,미확인,opendart,연결재무제표기준영업(잠정)실적(공정공시),20250724800303,1
105560,KB금융,bank,2025Q3,2025-10-30,,미확인,opendart,연결재무제표기준영업(잠정)실적(공정공시),20251030800460,1
105560,KB금융,bank,2025Q4,2026-02-05,,미확인,opendart,연결재무제표기준영업(잠정)실적(공정공시),20260205800646,1
105560,KB금융,bank,2026Q1,2026-04-23,,미확인,opendart,연결재무제표기준영업(잠정)실적(공정공시),20260423800481,1
105560,KB금융,bank,2026Q2,2026-07-23,,미확인,opendart,연결재무제표기준영업(잠정)실적(공정공시),20260723800451,1
138930,BNK금융지주,bank,2019Q1,2019-04-30,,미확인,opendart,연결재무제표기준영업(잠정)실적(공정공시),20190430800427,1
138930,BNK금융지주,bank,2019Q2,2019-07-31,,미확인,opendart,연결재무제표기준영업(잠정)실적(공정공시),20190731800342,1
138930,BNK금융지주,bank,2019Q3,2019-10-31,,미확인,opendart,연결재무제표기준영업(잠정)실적(공정공시),20191031800302,1
138930,BNK금융지주,bank,2019Q4,2020-02-06,,미확인,opendart,연결재무제표기준영업(잠정)실적(공정공시),20200206800548,1
138930,BNK금융지주,bank,2020Q1,2020-04-28,,미확인,opendart,연결재무제표기준영업(잠정)실적(공정공시),20200428800464,1
138930,BNK금융지주,bank,2020Q2,2020-07-27,,미확인,opendart,연결재무제표기준영업(잠정)실적(공정공시),20200727800256,1
138930,BNK금융지주,bank,2020Q3,2020-10-29,,미확인,opendart,연결재무제표기준영업(잠정)실적(공정공시),20201029800325,1
138930,BNK금융지주,bank,2020Q4,2021-02-09,,미확인,opendart,연결재무제표기준영업(잠정)실적(공정공시),20210209800656,2
138930,BNK금융지주,bank,2021Q1,2021-04-29,,미확인,opendart,연결재무제표기준영업(잠정)실적(공정공시),20210429800375,1
138930,BNK금융지주,bank,2021Q2,2021-07-29,,미확인,opendart,연결재무제표기준영업(잠정)실적(공정공시),20210729800325,1
138930,BNK금융지주,bank,2021Q3,2021-10-28,,미확인,opendart,연결재무제표기준영업(잠정)실적(공정공시),20211028800458,1
138930,BNK금융지주,bank,2021Q4,2022-02-10,,미확인,opendart,연결재무제표기준영업(잠정)실적(공정공시),20220210800659,2
138930,BNK금융지주,bank,2022Q1,2022-04-28,,미확인,opendart,연결재무제표기준영업(잠정)실적(공정공시),20220428800399,1
138930,BNK금융지주,bank,2022Q2,2022-07-28,,미확인,opendart,연결재무제표기준영업(잠정)실적(공정공시),20220728800333,1
138930,BNK금융지주,bank,2022Q3,2022-10-27,,미확인,opendart,연결재무제표기준영업(잠정)실적(공정공시),20221027800464,1
138930,BNK금융지주,bank,2022Q4,2023-02-02,,미확인,opendart,연결재무제표기준영업(잠정)실적(공정공시),20230202800283,2
138930,BNK금융지주,bank,2023Q1,2023-04-27,,미확인,opendart,연결재무제표기준영업(잠정)실적(공정공시),20230427800400,2
138930,BNK금융지주,bank,2023Q2,2023-07-26,,미확인,opendart,연결재무제표기준영업(잠정)실적(공정공시),20230726800599,2
138930,BNK금융지주,bank,2023Q3,2023-10-31,,미확인,opendart,연결재무제표기준영업(잠정)실적(공정공시),20231031800351,2
138930,BNK금융지주,bank,2023Q4,2024-02-05,,미확인,opendart,매출액또는손익구조30%(대규모법인은15%)이상변경,20240205801164,3
138930,BNK금융지주,bank,2024Q1,2024-04-30,,미확인,opendart,연결재무제표기준영업(잠정)실적(공정공시),20240430800500,1
138930,BNK금융지주,bank,2024Q2,2024-07-31,,미확인,opendart,연결재무제표기준영업(잠정)실적(공정공시),20240731800207,1
138930,BNK금융지주,bank,2024Q3,2024-10-30,,미확인,opendart,연결재무제표기준영업(잠정)실적(공정공시),20241030800177,1
138930,BNK금융지주,bank,2024Q4,2025-02-06,,미확인,opendart,매출액또는손익구조30%(대규모법인은15%)이상변경,20250206800511,2
138930,BNK금융지주,bank,2025Q1,2025-04-25,,미확인,opendart,연결재무제표기준영업(잠정)실적(공정공시),20250425800478,1
138930,BNK금융지주,bank,2025Q2,2025-07-31,,미확인,opendart,연결재무제표기준영업(잠정)실적(공정공시),20250731800372,1
138930,BNK금융지주,bank,2025Q3,2025-10-30,,미확인,opendart,연결재무제표기준영업(잠정)실적(공정공시),20251030800663,1
138930,BNK금융지주,bank,2025Q4,2026-02-06,,미확인,opendart,연결재무제표기준영업(잠정)실적(공정공시),20260206801345,1
138930,BNK금융지주,bank,2026Q1,2026-04-30,,미확인,opendart,연결재무제표기준영업(잠정)실적(공정공시),20260430800567,1
138930,BNK금융지주,bank,2026Q2,2026-07-28,,미확인,opendart,연결재무제표기준영업(잠정)실적(공정공시),20260728800461,1
139130,iM금융지주,bank,2019Q1,2019-05-02,,미확인,opendart,연결재무제표기준영업(잠정)실적(공정공시),20190502800385,1
139130,iM금융지주,bank,2019Q2,2019-08-01,,미확인,opendart,연결재무제표기준영업(잠정)실적(공정공시),20190801800306,1
139130,iM금융지주,bank,2019Q3,2019-10-31,,미확인,opendart,연결재무제표기준영업(잠정)실적(공정공시),20191031800306,1
139130,iM금융지주,bank,2019Q4,2020-02-06,,미확인,opendart,매출액또는손익구조30%(대규모법인은15%)이상변경,20200206800506,1
139130,iM금융지주,bank,2020Q1,2020-05-07,,미확인,opendart,연결재무제표기준영업(잠정)실적(공정공시),20200507800337,1
139130,iM금융지주,bank,2020Q2,2020-07-30,,미확인,opendart,연결재무제표기준영업(잠정)실적(공정공시),20200730800300,1
139130,iM금융지주,bank,2020Q3,2020-10-29,,미확인,opendart,연결재무제표기준영업(잠정)실적(공정공시),20201029800356,1
139130,iM금융지주,bank,2020Q4,2021-02-08,,미확인,opendart,매출액또는손익구조30%(대규모법인은15%)이상변경,20210208800853,2
139130,iM금융지주,bank,2021Q1,2021-04-29,,미확인,opendart,연결재무제표기준영업(잠정)실적(공정공시),20210429800393,1
139130,iM금융지주,bank,2021Q2,2021-07-29,,미확인,opendart,연결재무제표기준영업(잠정)실적(공정공시),20210729800337,1
139130,iM금융지주,bank,2021Q3,2021-10-28,,미확인,opendart,연결재무제표기준영업(잠정)실적(공정공시),20211028800470,1
139130,iM금융지주,bank,2021Q4,2022-02-10,,미확인,opendart,매출액또는손익구조30%(대규모법인은15%)이상변경,20220210800650,1
139130,iM금융지주,bank,2022Q1,2022-04-28,,미확인,opendart,연결재무제표기준영업(잠정)실적(공정공시),20220428800402,1
139130,iM금융지주,bank,2022Q2,2022-07-28,,미확인,opendart,연결재무제표기준영업(잠정)실적(공정공시),20220728800324,1
139130,iM금융지주,bank,2022Q3,2022-10-27,,미확인,opendart,연결재무제표기준영업(잠정)실적(공정공시),20221027800471,1
139130,iM금융지주,bank,2022Q4,2023-02-09,,미확인,opendart,매출액또는손익구조30%(대규모법인은15%)이상변경,20230209800621,1
139130,iM금융지주,bank,2023Q1,2023-04-27,,미확인,opendart,연결재무제표기준영업(잠정)실적(공정공시),20230427800457,1
139130,iM금융지주,bank,2023Q2,2023-07-28,,미확인,opendart,연결재무제표기준영업(잠정)실적(공정공시),20230728800402,1
139130,iM금융지주,bank,2023Q3,2023-10-30,,미확인,opendart,연결재무제표기준영업(잠정)실적(공정공시),20231030800338,1
139130,iM금융지주,bank,2023Q4,2024-02-07,,미확인,opendart,매출액또는손익구조30%(대규모법인은15%)이상변경,20240207800785,1
139130,iM금융지주,bank,2024Q1,2024-05-02,,미확인,opendart,연결재무제표기준영업(잠정)실적(공정공시),20240502800348,1
139130,iM금융지주,bank,2024Q2,2024-07-29,,미확인,opendart,연결재무제표기준영업(잠정)실적(공정공시),20240729800340,1
139130,iM금융지주,bank,2024Q3,2024-10-28,,미확인,opendart,연결재무제표기준영업(잠정)실적(공정공시),20241028800329,1
139130,iM금융지주,bank,2024Q4,2025-02-07,,미확인,opendart,매출액또는손익구조30%(대규모법인은15%)이상변경,20250207800731,1
139130,iM금융지주,bank,2025Q1,2025-04-28,,미확인,opendart,연결재무제표기준영업(잠정)실적(공정공시),20250428800449,1
139130,iM금융지주,bank,2025Q2,2025-07-28,,미확인,opendart,연결재무제표기준영업(잠정)실적(공정공시),20250728800364,1
139130,iM금융지주,bank,2025Q3,2025-10-30,,미확인,opendart,연결재무제표기준영업(잠정)실적(공정공시),20251030800290,1
139130,iM금융지주,bank,2025Q4,2026-02-06,,미확인,opendart,매출액또는손익구조30%(대규모법인은15%)이상변경,20260206802276,1
139130,iM금융지주,bank,2026Q1,2026-04-28,,미확인,opendart,연결재무제표기준영업(잠정)실적(공정공시),20260428800523,1
139130,iM금융지주,bank,2026Q2,2026-07-27,,미확인,opendart,연결재무제표기준영업(잠정)실적(공정공시),20260727800396,1
175330,JB금융지주,bank,2019Q1,2019-04-30,,미확인,opendart,연결재무제표기준영업(잠정)실적(공정공시),20190430800344,1
175330,JB금융지주,bank,2019Q2,2019-08-02,,미확인,opendart,연결재무제표기준영업(잠정)실적(공정공시),20190802800189,1
175330,JB금융지주,bank,2019Q3,2019-10-31,,미확인,opendart,연결재무제표기준영업(잠정)실적(공정공시),20191031800138,1
175330,JB금융지주,bank,2019Q4,2020-02-12,,미확인,opendart,매출액또는손익구조30%(대규모법인은15%)이상변경,20200212800548,1
175330,JB금융지주,bank,2020Q1,2020-04-28,,미확인,opendart,연결재무제표기준영업(잠정)실적(공정공시),20200428800486,1
175330,JB금융지주,bank,2020Q2,2020-07-28,,미확인,opendart,연결재무제표기준영업(잠정)실적(공정공시),20200728800277,1
175330,JB금융지주,bank,2020Q3,2020-10-28,,미확인,opendart,연결재무제표기준영업(잠정)실적(공정공시),20201028800316,1
175330,JB금융지주,bank,2020Q4,2021-02-08,,미확인,opendart,연결재무제표기준영업(잠정)실적(공정공시),20210208800554,1
175330,JB금융지주,bank,2021Q1,2021-04-27,,미확인,opendart,연결재무제표기준영업(잠정)실적(공정공시),20210427800219,1
175330,JB금융지주,bank,2021Q2,2021-07-27,,미확인,opendart,연결재무제표기준영업(잠정)실적(공정공시),20210727800290,1
175330,JB금융지주,bank,2021Q3,2021-10-26,,미확인,opendart,연결재무제표기준영업(잠정)실적(공정공시),20211026800253,1
175330,JB금융지주,bank,2021Q4,2022-02-11,,미확인,opendart,매출액또는손익구조30%(대규모법인은15%)이상변경,20220211800650,1
175330,JB금융지주,bank,2022Q1,2022-04-26,,미확인,opendart,연결재무제표기준영업(잠정)실적(공정공시),20220426800277,1
175330,JB금융지주,bank,2022Q2,2022-07-26,,미확인,opendart,연결재무제표기준영업(잠정)실적(공정공시),20220726800153,1
175330,JB금융지주,bank,2022Q3,2022-10-24,,미확인,opendart,연결재무제표기준영업(잠정)실적(공정공시),20221024800204,1
175330,JB금융지주,bank,2022Q4,2023-02-09,,미확인,opendart,매출액또는손익구조30%(대규모법인은15%)이상변경,20230209800358,1
175330,JB금융지주,bank,2023Q1,2023-04-26,,미확인,opendart,연결재무제표기준영업(잠정)실적(공정공시),20230426800373,1
175330,JB금융지주,bank,2023Q2,2023-07-26,,미확인,opendart,연결재무제표기준영업(잠정)실적(공정공시),20230726800274,1
175330,JB금융지주,bank,2023Q3,2023-10-24,,미확인,opendart,연결재무제표기준영업(잠정)실적(공정공시),20231024800168,1
175330,JB금융지주,bank,2023Q4,2024-02-06,,미확인,opendart,매출액또는손익구조30%(대규모법인은15%)이상변경,20240206800237,1
175330,JB금융지주,bank,2024Q1,2024-04-22,,미확인,opendart,연결재무제표기준영업(잠정)실적(공정공시),20240422800291,1
175330,JB금융지주,bank,2024Q2,2024-07-25,,미확인,opendart,연결재무제표기준영업(잠정)실적(공정공시),20240725800226,1
175330,JB금융지주,bank,2024Q3,2024-10-23,,미확인,opendart,연결재무제표기준영업(잠정)실적(공정공시),20241023800241,1
175330,JB금융지주,bank,2024Q4,2025-02-06,,미확인,opendart,연결재무제표기준영업(잠정)실적(공정공시),20250206800585,1
175330,JB금융지주,bank,2025Q1,2025-04-24,,미확인,opendart,연결재무제표기준영업(잠정)실적(공정공시),20250424800488,1
175330,JB금융지주,bank,2025Q2,2025-07-24,,미확인,opendart,연결재무제표기준영업(잠정)실적(공정공시),20250724800288,1
175330,JB금융지주,bank,2025Q3,2025-10-28,,미확인,opendart,연결재무제표기준영업(잠정)실적(공정공시),20251028800409,1
175330,JB금융지주,bank,2025Q4,2026-02-05,,미확인,opendart,연결재무제표기준영업(잠정)실적(공정공시),20260205800599,1
175330,JB금융지주,bank,2026Q1,2026-04-23,,미확인,opendart,연결재무제표기준영업(잠정)실적(공정공시),20260423800615,1
175330,JB금융지주,bank,2026Q2,2026-07-23,,미확인,opendart,연결재무제표기준영업(잠정)실적(공정공시),20260723800585,1
316140,우리금융지주,bank,2019Q1,2019-04-25,,미확인,opendart,연결재무제표기준영업(잠정)실적(공정공시),20190425800095,1
316140,우리금융지주,bank,2019Q2,2019-07-22,,미확인,opendart,연결재무제표기준영업(잠정)실적(공정공시),20190722800235,1
316140,우리금융지주,bank,2019Q3,2019-10-29,,미확인,opendart,연결재무제표기준영업(잠정)실적(공정공시),20191029800154,1
316140,우리금융지주,bank,2019Q4,2020-02-07,,미확인,opendart,연결재무제표기준영업(잠정)실적(공정공시),20200207800724,1
316140,우리금융지주,bank,2020Q1,2020-04-27,,미확인,opendart,연결재무제표기준영업(잠정)실적(공정공시),20200427800154,1
316140,우리금융지주,bank,2020Q2,2020-07-27,,미확인,opendart,연결재무제표기준영업(잠정)실적(공정공시),20200727800257,1
316140,우리금융지주,bank,2020Q3,2020-10-26,,미확인,opendart,연결재무제표기준영업(잠정)실적(공정공시),20201026800073,1
316140,우리금융지주,bank,2020Q4,2021-02-05,,미확인,opendart,매출액또는손익구조30%(대규모법인은15%)이상변경,20210205800866,1
316140,우리금융지주,bank,2021Q1,2021-04-21,,미확인,opendart,연결재무제표기준영업(잠정)실적(공정공시),20210421800313,1
316140,우리금융지주,bank,2021Q2,2021-07-21,,미확인,opendart,연결재무제표기준영업(잠정)실적(공정공시),20210721800306,1
316140,우리금융지주,bank,2021Q3,2021-10-25,,미확인,opendart,연결재무제표기준영업(잠정)실적(공정공시),20211025800255,1
316140,우리금융지주,bank,2021Q4,2022-02-09,,미확인,opendart,연결재무제표기준영업(잠정)실적(공정공시),20220209800535,1
316140,우리금융지주,bank,2022Q1,2022-04-22,,미확인,opendart,연결재무제표기준영업(잠정)실적(공정공시),20220422800349,1
316140,우리금융지주,bank,2022Q2,2022-07-22,,미확인,opendart,연결재무제표기준영업(잠정)실적(공정공시),20220722800213,1
316140,우리금융지주,bank,2022Q3,2022-10-25,,미확인,opendart,연결재무제표기준영업(잠정)실적(공정공시),20221025800252,1
316140,우리금융지주,bank,2022Q4,2023-02-08,,미확인,opendart,연결재무제표기준영업(잠정)실적(공정공시),20230208800465,1
316140,우리금융지주,bank,2023Q1,2023-04-24,,미확인,opendart,연결재무제표기준영업(잠정)실적(공정공시),20230424800288,1
316140,우리금융지주,bank,2023Q2,2023-07-27,,미확인,opendart,연결재무제표기준영업(잠정)실적(공정공시),20230727800437,1
316140,우리금융지주,bank,2023Q3,2023-10-26,,미확인,opendart,연결재무제표기준영업(잠정)실적(공정공시),20231026800373,1
316140,우리금융지주,bank,2023Q4,2024-02-06,,미확인,opendart,연결재무제표기준영업(잠정)실적(공정공시),20240206800458,1
316140,우리금융지주,bank,2024Q1,2024-04-26,,미확인,opendart,연결재무제표기준영업(잠정)실적(공정공시),20240426800516,1
316140,우리금융지주,bank,2024Q2,2024-07-25,,미확인,opendart,연결재무제표기준영업(잠정)실적(공정공시),20240725800326,1
316140,우리금융지주,bank,2024Q3,2024-10-25,,미확인,opendart,연결재무제표기준영업(잠정)실적(공정공시),20241025800336,1
316140,우리금융지주,bank,2024Q4,2025-02-07,,미확인,opendart,연결재무제표기준영업(잠정)실적(공정공시),20250207800589,1
316140,우리금융지주,bank,2025Q1,2025-04-25,,미확인,opendart,연결재무제표기준영업(잠정)실적(공정공시),20250425800529,1
316140,우리금융지주,bank,2025Q2,2025-07-25,,미확인,opendart,연결재무제표기준영업(잠정)실적(공정공시),20250725800492,1
316140,우리금융지주,bank,2025Q3,2025-10-29,,미확인,opendart,연결재무제표기준영업(잠정)실적(공정공시),20251029800432,1
316140,우리금융지주,bank,2025Q4,2026-02-06,,미확인,opendart,연결재무제표기준영업(잠정)실적(공정공시),20260206801557,1
316140,우리금융지주,bank,2026Q1,2026-04-24,,미확인,opendart,연결재무제표기준영업(잠정)실적(공정공시),20260424800557,1
316140,우리금융지주,bank,2026Q2,2026-07-24,,미확인,opendart,연결재무제표기준영업(잠정)실적(공정공시),20260724800491,1
323410,카카오뱅크,bank,2021Q3,2021-11-02,,미확인,opendart,영업(잠정)실적(공정공시),20211102800265,1
323410,카카오뱅크,bank,2021Q4,2022-02-09,,미확인,opendart,영업(잠정)실적(공정공시),20220209800573,1
323410,카카오뱅크,bank,2022Q1,2022-05-03,,미확인,opendart,영업(잠정)실적(공정공시),20220503800002,1
323410,카카오뱅크,bank,2022Q2,2022-08-03,,미확인,opendart,영업(잠정)실적(공정공시),20220803800001,1
323410,카카오뱅크,bank,2022Q3,2022-11-02,,미확인,opendart,영업(잠정)실적(공정공시),20221102800015,1
323410,카카오뱅크,bank,2022Q4,2023-02-08,,미확인,opendart,매출액또는손익구조30%(대규모법인은15%)이상변경,20230208800004,1
323410,카카오뱅크,bank,2023Q1,2023-05-03,,미확인,opendart,영업(잠정)실적(공정공시),20230503800002,1
323410,카카오뱅크,bank,2023Q2,2023-08-02,,미확인,opendart,영업(잠정)실적(공정공시),20230802800006,1
323410,카카오뱅크,bank,2023Q3,2023-11-08,,미확인,opendart,영업(잠정)실적(공정공시),20231108800006,1
323410,카카오뱅크,bank,2023Q4,2024-02-07,,미확인,opendart,매출액또는손익구조30%(대규모법인은15%)이상변경,20240207800003,1
323410,카카오뱅크,bank,2024Q1,2024-05-08,,미확인,opendart,영업(잠정)실적(공정공시),20240508800003,1
323410,카카오뱅크,bank,2024Q2,2024-08-07,,미확인,opendart,영업(잠정)실적(공정공시),20240807800002,1
323410,카카오뱅크,bank,2024Q3,2024-11-06,,미확인,opendart,영업(잠정)실적(공정공시),20241106800002,1
323410,카카오뱅크,bank,2024Q4,2025-02-05,,미확인,opendart,매출액또는손익구조30%(대규모법인은15%)이상변경,20250205800001,1
323410,카카오뱅크,bank,2025Q1,2025-05-07,,미확인,opendart,영업(잠정)실적(공정공시),20250507800012,1
323410,카카오뱅크,bank,2025Q2,2025-08-06,,미확인,opendart,영업(잠정)실적(공정공시),20250806800006,1
323410,카카오뱅크,bank,2025Q3,2025-11-05,,미확인,opendart,영업(잠정)실적(공정공시),20251105800008,1
323410,카카오뱅크,bank,2025Q4,2026-02-04,,미확인,opendart,영업(잠정)실적(공정공시),20260204800004,1
323410,카카오뱅크,bank,2026Q1,2026-05-06,,미확인,opendart,영업(잠정)실적(공정공시),20260506800005,1
323410,카카오뱅크,bank,2026Q2,2026-08-05,,미확인,opendart,영업(잠정)실적(공정공시),20260805800019,1
029780,삼성카드,card,2019Q1,2019-04-26,,미확인,opendart,연결재무제표기준영업(잠정)실적(공정공시),20190426800552,1
029780,삼성카드,card,2019Q2,2019-07-26,,미확인,opendart,연결재무제표기준영업(잠정)실적(공정공시),20190726800363,1
029780,삼성카드,card,2019Q3,2019-11-08,,미확인,opendart,연결재무제표기준영업(잠정)실적(공정공시),20191108800328,1
029780,삼성카드,card,2019Q4,2020-01-31,,미확인,opendart,연결재무제표기준영업(잠정)실적(공정공시),20200131800572,1
029780,삼성카드,card,2020Q1,2020-04-29,,미확인,opendart,연결재무제표기준영업(잠정)실적(공정공시),20200429800108,1
029780,삼성카드,card,2020Q2,2020-07-28,,미확인,opendart,연결재무제표기준영업(잠정)실적(공정공시),20200728800089,1
029780,삼성카드,card,2020Q3,2020-10-27,,미확인,opendart,연결재무제표기준영업(잠정)실적(공정공시),20201027800099,1
029780,삼성카드,card,2020Q4,2021-01-28,,미확인,opendart,매출액또는손익구조30%(대규모법인은15%)이상변경,20210128800667,2
029780,삼성카드,card,2021Q1,2021-04-27,,미확인,opendart,연결재무제표기준영업(잠정)실적(공정공시),20210427800068,1
029780,삼성카드,card,2021Q2,2021-07-27,,미확인,opendart,연결재무제표기준영업(잠정)실적(공정공시),20210727800074,1
029780,삼성카드,card,2021Q3,2021-10-26,,미확인,opendart,연결재무제표기준영업(잠정)실적(공정공시),20211026800066,1
029780,삼성카드,card,2021Q4,2022-01-27,,미확인,opendart,매출액또는손익구조30%(대규모법인은15%)이상변경,20220127800774,2
029780,삼성카드,card,2022Q1,2022-04-25,,미확인,opendart,연결재무제표기준영업(잠정)실적(공정공시),20220425800067,1
029780,삼성카드,card,2022Q2,2022-07-25,,미확인,opendart,연결재무제표기준영업(잠정)실적(공정공시),20220725800060,1
029780,삼성카드,card,2022Q3,2022-10-26,,미확인,opendart,연결재무제표기준영업(잠정)실적(공정공시),20221026800070,1
029780,삼성카드,card,2022Q4,2023-02-09,,미확인,opendart,연결재무제표기준영업(잠정)실적(공정공시),20230209800056,1
029780,삼성카드,card,2023Q1,2023-04-25,,미확인,opendart,연결재무제표기준영업(잠정)실적(공정공시),20230425800062,1
029780,삼성카드,card,2023Q2,2023-07-25,,미확인,opendart,연결재무제표기준영업(잠정)실적(공정공시),20230725800041,1
029780,삼성카드,card,2023Q3,2023-10-26,,미확인,opendart,연결재무제표기준영업(잠정)실적(공정공시),20231026800055,1
029780,삼성카드,card,2023Q4,2024-02-08,,미확인,opendart,연결재무제표기준영업(잠정)실적(공정공시),20240208800070,1
029780,삼성카드,card,2024Q1,2024-04-26,,미확인,opendart,연결재무제표기준영업(잠정)실적(공정공시),20240426800061,1
029780,삼성카드,card,2024Q2,2024-07-26,,미확인,opendart,연결재무제표기준영업(잠정)실적(공정공시),20240726800067,1
029780,삼성카드,card,2024Q3,2024-10-25,,미확인,opendart,연결재무제표기준영업(잠정)실적(공정공시),20241025800038,1
029780,삼성카드,card,2024Q4,2025-02-07,,미확인,opendart,연결재무제표기준영업(잠정)실적(공정공시),20250207800042,1
029780,삼성카드,card,2025Q1,2025-04-25,,미확인,opendart,연결재무제표기준영업(잠정)실적(공정공시),20250425800054,1
029780,삼성카드,card,2025Q2,2025-07-25,,미확인,opendart,연결재무제표기준영업(잠정)실적(공정공시),20250725800048,1
029780,삼성카드,card,2025Q3,2025-10-28,,미확인,opendart,연결재무제표기준영업(잠정)실적(공정공시),20251028800079,1
029780,삼성카드,card,2025Q4,2026-02-05,,미확인,opendart,연결재무제표기준영업(잠정)실적(공정공시),20260205800096,1
029780,삼성카드,card,2026Q1,2026-04-24,,미확인,opendart,연결재무제표기준영업(잠정)실적(공정공시),20260424800285,1
029780,삼성카드,card,2026Q2,2026-07-27,,미확인,opendart,연결재무제표기준영업(잠정)실적(공정공시),20260727800185,1
003540,대신증권,securities,2019Q1,2019-05-15,,미확인,opendart,연결재무제표기준영업(잠정)실적(공정공시),20190515800909,1
003540,대신증권,securities,2019Q2,2019-08-14,,미확인,opendart,연결재무제표기준영업(잠정)실적(공정공시),20190814801059,1
003540,대신증권,securities,2019Q4,2020-02-06,,미확인,opendart,매출액또는손익구조30%(대규모법인은15%)이상변경,20200206800501,1
003540,대신증권,securities,2020Q4,2021-02-04,,미확인,opendart,매출액또는손익구조30%(대규모법인은15%)이상변경,20210204800521,1
003540,대신증권,securities,2021Q4,2022-02-03,,미확인,opendart,매출액또는손익구조30%(대규모법인은15%)이상변경,20220203800607,1
003540,대신증권,securities,2022Q4,2023-02-09,,미확인,opendart,매출액또는손익구조30%(대규모법인은15%)이상변경,20230209800735,1
003540,대신증권,securities,2023Q3,2023-11-09,,미확인,opendart,연결재무제표기준영업(잠정)실적(공정공시),20231109800623,1
003540,대신증권,securities,2023Q4,2024-02-07,,미확인,opendart,매출액또는손익구조30%(대규모법인은15%)이상변경,20240207800957,1
003540,대신증권,securities,2024Q1,2024-05-07,,미확인,opendart,연결재무제표기준영업(잠정)실적(공정공시),20240507800523,1
003540,대신증권,securities,2024Q2,2024-08-08,,미확인,opendart,연결재무제표기준영업(잠정)실적(공정공시),20240808800455,1
003540,대신증권,securities,2024Q3,2024-11-07,,미확인,opendart,연결재무제표기준영업(잠정)실적(공정공시),20241107800529,1
003540,대신증권,securities,2024Q4,2025-02-06,,미확인,opendart,매출액또는손익구조30%(대규모법인은15%)이상변경,20250206800749,1
003540,대신증권,securities,2025Q1,2025-05-13,,미확인,opendart,연결재무제표기준영업(잠정)실적(공정공시),20250513800752,1
003540,대신증권,securities,2025Q2,2025-08-08,,미확인,opendart,연결재무제표기준영업(잠정)실적(공정공시),20250808800440,1
003540,대신증권,securities,2025Q3,2025-11-06,,미확인,opendart,연결재무제표기준영업(잠정)실적(공정공시),20251106800667,1
003540,대신증권,securities,2025Q4,2026-02-09,,미확인,opendart,매출액또는손익구조30%(대규모법인은15%)이상변경,20260209801447,1
003540,대신증권,securities,2026Q1,2026-05-08,,미확인,opendart,연결재무제표기준영업(잠정)실적(공정공시),20260508800766,1
003540,대신증권,securities,2026Q2,2026-08-11,,미확인,opendart,연결재무제표기준영업(잠정)실적(공정공시),20260811800542,1
005940,NH투자증권,securities,2019Q1,2019-04-25,,미확인,opendart,연결재무제표기준영업(잠정)실적(공정공시),20190425800624,1
005940,NH투자증권,securities,2019Q2,2019-07-26,,미확인,opendart,연결재무제표기준영업(잠정)실적(공정공시),20190726800087,1
005940,NH투자증권,securities,2019Q3,2019-10-24,,미확인,opendart,연결재무제표기준영업(잠정)실적(공정공시),20191024800324,1
005940,NH투자증권,securities,2019Q4,2020-01-30,,미확인,opendart,매출액또는손익구조30%(대규모법인은15%)이상변경,20200130800505,1
005940,NH투자증권,securities,2020Q1,2020-04-28,,미확인,opendart,연결재무제표기준영업(잠정)실적(공정공시),20200428800466,1
005940,NH투자증권,securities,2020Q2,2020-07-24,,미확인,opendart,연결재무제표기준영업(잠정)실적(공정공시),20200724800363,1
005940,NH투자증권,securities,2020Q3,2020-10-27,,미확인,opendart,연결재무제표기준영업(잠정)실적(공정공시),20201027800337,1
005940,NH투자증권,securities,2020Q4,2021-01-28,,미확인,opendart,매출액또는손익구조30%(대규모법인은15%)이상변경,20210128800391,1
005940,NH투자증권,securities,2021Q1,2021-04-29,,미확인,opendart,연결재무제표기준영업(잠정)실적(공정공시),20210429800424,1
005940,NH투자증권,securities,2021Q2,2021-07-22,,미확인,opendart,연결재무제표기준영업(잠정)실적(공정공시),20210722800361,1
005940,NH투자증권,securities,2021Q3,2021-10-22,,미확인,opendart,연결재무제표기준영업(잠정)실적(공정공시),20211022800274,1
005940,NH투자증권,securities,2021Q4,2022-01-21,,미확인,opendart,매출액또는손익구조30%(대규모법인은15%)이상변경,20220121800498,1
005940,NH투자증권,securities,2022Q1,2022-04-21,,미확인,opendart,연결재무제표기준영업(잠정)실적(공정공시),20220421800355,1
005940,NH투자증권,securities,2022Q2,2022-07-25,,미확인,opendart,연결재무제표기준영업(잠정)실적(공정공시),20220725800359,1
005940,NH투자증권,securities,2022Q3,2022-10-27,,미확인,opendart,연결재무제표기준영업(잠정)실적(공정공시),20221027800593,1
005940,NH투자증권,securities,2022Q4,2023-02-01,,미확인,opendart,매출액또는손익구조30%(대규모법인은15%)이상변경,20230201800503,1
005940,NH투자증권,securities,2023Q1,2023-04-27,,미확인,opendart,연결재무제표기준영업(잠정)실적(공정공시),20230427800614,1
005940,NH투자증권,securities,2023Q2,2023-07-27,,미확인,opendart,연결재무제표기준영업(잠정)실적(공정공시),20230727800353,1
005940,NH투자증권,securities,2023Q3,2023-10-26,,미확인,opendart,연결재무제표기준영업(잠정)실적(공정공시),20231026800439,1
005940,NH투자증권,securities,2023Q4,2024-01-26,,미확인,opendart,매출액또는손익구조30%(대규모법인은15%)이상변경,20240126800629,1
005940,NH투자증권,securities,2024Q1,2024-04-25,,미확인,opendart,연결재무제표기준영업(잠정)실적(공정공시),20240425800374,1
005940,NH투자증권,securities,2024Q2,2024-07-25,,미확인,opendart,연결재무제표기준영업(잠정)실적(공정공시),20240725800486,1
005940,NH투자증권,securities,2024Q3,2024-10-28,,미확인,opendart,연결재무제표기준영업(잠정)실적(공정공시),20241028800424,1
005940,NH투자증권,securities,2024Q4,2025-01-23,,미확인,opendart,매출액또는손익구조30%(대규모법인은15%)이상변경,20250123800386,1
005940,NH투자증권,securities,2025Q1,2025-04-24,,미확인,opendart,연결재무제표기준영업(잠정)실적(공정공시),20250424800607,1
005940,NH투자증권,securities,2025Q2,2025-07-31,,미확인,opendart,연결재무제표기준영업(잠정)실적(공정공시),20250731800403,1
005940,NH투자증권,securities,2025Q3,2025-10-30,,미확인,opendart,연결재무제표기준영업(잠정)실적(공정공시),20251030800494,1
005940,NH투자증권,securities,2025Q4,2026-01-29,,미확인,opendart,매출액또는손익구조30%(대규모법인은15%)이상변경,20260129800700,1
005940,NH투자증권,securities,2026Q1,2026-04-23,,미확인,opendart,연결재무제표기준영업(잠정)실적(공정공시),20260423800876,1
005940,NH투자증권,securities,2026Q2,2026-07-23,,미확인,opendart,연결재무제표기준영업(잠정)실적(공정공시),20260723800581,1
006800,미래에셋증권,securities,2019Q1,2019-05-13,,미확인,opendart,연결재무제표기준영업(잠정)실적(공정공시),20190513800581,1
006800,미래에셋증권,securities,2019Q2,2019-08-08,,미확인,opendart,연결재무제표기준영업(잠정)실적(공정공시),20190808800363,1
006800,미래에셋증권,securities,2019Q3,2019-11-07,,미확인,opendart,연결재무제표기준영업(잠정)실적(공정공시),20191107800291,1
006800,미래에셋증권,securities,2019Q4,2020-01-30,,미확인,opendart,매출액또는손익구조30%(대규모법인은15%)이상변경,20200130800526,1
006800,미래에셋증권,securities,2020Q1,2020-04-28,,미확인,opendart,연결재무제표기준영업(잠정)실적(공정공시),20200428800534,1
006800,미래에셋증권,securities,2020Q2,2020-08-06,,미확인,opendart,연결재무제표기준영업(잠정)실적(공정공시),20200806800059,1
006800,미래에셋증권,securities,2020Q3,2020-11-12,,미확인,opendart,연결재무제표기준영업(잠정)실적(공정공시),20201112800386,1
006800,미래에셋증권,securities,2020Q4,2021-01-28,,미확인,opendart,매출액또는손익구조30%(대규모법인은15%)이상변경,20210128800450,1
006800,미래에셋증권,securities,2021Q1,2021-05-06,,미확인,opendart,연결재무제표기준영업(잠정)실적(공정공시),20210506800272,1
006800,미래에셋증권,securities,2021Q2,2021-08-05,,미확인,opendart,연결재무제표기준영업(잠정)실적(공정공시),20210805800250,1
006800,미래에셋증권,securities,2021Q3,2021-11-11,,미확인,opendart,연결재무제표기준영업(잠정)실적(공정공시),20211111800351,1
006800,미래에셋증권,securities,2021Q4,2022-01-27,,미확인,opendart,매출액또는손익구조30%(대규모법인은15%)이상변경,20220127800432,1
006800,미래에셋증권,securities,2022Q1,2022-05-12,,미확인,opendart,연결재무제표기준영업(잠정)실적(공정공시),20220512800494,1
006800,미래에셋증권,securities,2022Q2,2022-08-09,,미확인,opendart,연결재무제표기준영업(잠정)실적(공정공시),20220809800257,1
006800,미래에셋증권,securities,2022Q3,2022-11-10,,미확인,opendart,연결재무제표기준영업(잠정)실적(공정공시),20221110800421,1
006800,미래에셋증권,securities,2022Q4,2023-01-26,,미확인,opendart,매출액또는손익구조30%(대규모법인은15%)이상변경,20230126800520,1
006800,미래에셋증권,securities,2023Q1,2023-05-11,,미확인,opendart,연결재무제표기준영업(잠정)실적(공정공시),20230511800671,1
006800,미래에셋증권,securities,2023Q2,2023-08-10,,미확인,opendart,연결재무제표기준영업(잠정)실적(공정공시),20230810800629,1
006800,미래에셋증권,securities,2023Q3,2023-11-09,,미확인,opendart,연결재무제표기준영업(잠정)실적(공정공시),20231109800571,1
006800,미래에셋증권,securities,2023Q4,2024-02-06,,미확인,opendart,매출액또는손익구조30%(대규모법인은15%)이상변경,20240206800211,1
006800,미래에셋증권,securities,2024Q1,2024-05-09,,미확인,opendart,연결재무제표기준영업(잠정)실적(공정공시),20240509800604,1
006800,미래에셋증권,securities,2024Q2,2024-08-08,,미확인,opendart,연결재무제표기준영업(잠정)실적(공정공시),20240808800065,1
006800,미래에셋증권,securities,2024Q3,2024-11-07,,미확인,opendart,연결재무제표기준영업(잠정)실적(공정공시),20241107800067,1
006800,미래에셋증권,securities,2024Q4,2025-02-07,,미확인,opendart,매출액또는손익구조30%(대규모법인은15%)이상변경,20250207800028,1
006800,미래에셋증권,securities,2025Q1,2025-05-08,,미확인,opendart,연결재무제표기준영업(잠정)실적(공정공시),20250508800065,1
006800,미래에셋증권,securities,2025Q2,2025-08-07,,미확인,opendart,연결재무제표기준영업(잠정)실적(공정공시),20250807800040,1
006800,미래에셋증권,securities,2025Q3,2025-11-06,,미확인,opendart,연결재무제표기준영업(잠정)실적(공정공시),20251106800074,1
006800,미래에셋증권,securities,2025Q4,2026-02-09,,미확인,opendart,매출액또는손익구조30%(대규모법인은15%)이상변경,20260209800224,1
006800,미래에셋증권,securities,2026Q1,2026-05-12,,미확인,opendart,연결재무제표기준영업(잠정)실적(공정공시),20260512800126,1
006800,미래에셋증권,securities,2026Q2,2026-08-12,,미확인,opendart,연결재무제표기준영업(잠정)실적(공정공시),20260812800085,1
016360,삼성증권,securities,2019Q1,2019-05-14,,미확인,opendart,연결재무제표기준영업(잠정)실적(공정공시),20190514800681,1
016360,삼성증권,securities,2019Q3,2019-11-08,,미확인,opendart,연결재무제표기준영업(잠정)실적(공정공시),20191108800592,1
016360,삼성증권,securities,2019Q4,2020-01-30,,미확인,opendart,매출액또는손익구조30%(대규모법인은15%)이상변경,20200130800651,1
016360,삼성증권,securities,2020Q4,2021-01-29,,미확인,opendart,매출액또는손익구조30%(대규모법인은15%)이상변경,20210129800671,1
016360,삼성증권,securities,2021Q1,2021-05-07,,미확인,opendart,연결재무제표기준영업(잠정)실적(공정공시),20210507800651,1
016360,삼성증권,securities,2021Q2,2021-08-06,,미확인,opendart,연결재무제표기준영업(잠정)실적(공정공시),20210806800321,1
016360,삼성증권,securities,2021Q3,2021-11-05,,미확인,opendart,연결재무제표기준영업(잠정)실적(공정공시),20211105800480,1
016360,삼성증권,securities,2021Q4,2022-01-28,,미확인,opendart,매출액또는손익구조30%(대규모법인은15%)이상변경,20220128800945,1
016360,삼성증권,securities,2022Q1,2022-05-12,,미확인,opendart,연결재무제표기준영업(잠정)실적(공정공시),20220512800367,1
016360,삼성증권,securities,2022Q2,2022-08-11,,미확인,opendart,연결재무제표기준영업(잠정)실적(공정공시),20220811800415,1
016360,삼성증권,securities,2022Q3,2022-10-26,,미확인,opendart,연결재무제표기준영업(잠정)실적(공정공시),20221026800565,1
016360,삼성증권,securities,2022Q4,2023-01-27,,미확인,opendart,매출액또는손익구조30%(대규모법인은15%)이상변경,20230127800603,1
016360,삼성증권,securities,2023Q1,2023-05-11,,미확인,opendart,연결재무제표기준영업(잠정)실적(공정공시),20230511800487,1
016360,삼성증권,securities,2023Q2,2023-08-08,,미확인,opendart,연결재무제표기준영업(잠정)실적(공정공시),20230808800285,1
016360,삼성증권,securities,2023Q3,2023-11-02,,미확인,opendart,연결재무제표기준영업(잠정)실적(공정공시),20231102800362,1
016360,삼성증권,securities,2023Q4,2024-01-26,,미확인,opendart,매출액또는손익구조30%(대규모법인은15%)이상변경,20240126800802,1
016360,삼성증권,securities,2024Q1,2024-05-14,,미확인,opendart,연결재무제표기준영업(잠정)실적(공정공시),20240514800861,1
016360,삼성증권,securities,2024Q2,2024-08-08,,미확인,opendart,연결재무제표기준영업(잠정)실적(공정공시),20240808800415,1
016360,삼성증권,securities,2024Q3,2024-11-07,,미확인,opendart,연결재무제표기준영업(잠정)실적(공정공시),20241107800427,1
016360,삼성증권,securities,2024Q4,2025-01-24,,미확인,opendart,매출액또는손익구조30%(대규모법인은15%)이상변경,20250124800866,1
016360,삼성증권,securities,2025Q1,2025-05-14,,미확인,opendart,연결재무제표기준영업(잠정)실적(공정공시),20250514800727,1
016360,삼성증권,securities,2025Q2,2025-08-08,,미확인,opendart,연결재무제표기준영업(잠정)실적(공정공시),20250808800368,1
016360,삼성증권,securities,2025Q3,2025-11-11,,미확인,opendart,연결재무제표기준영업(잠정)실적(공정공시),20251111800414,1
016360,삼성증권,securities,2025Q4,2026-01-23,,미확인,opendart,매출액또는손익구조30%(대규모법인15%)미만변경(자율공시),20260123800528,1
016360,삼성증권,securities,2026Q1,2026-05-11,,미확인,opendart,연결재무제표기준영업(잠정)실적(공정공시),20260511800572,1
016360,삼성증권,securities,2026Q2,2026-08-04,,미확인,opendart,연결재무제표기준영업(잠정)실적(공정공시),20260804800508,1
039490,키움증권,securities,2019Q1,2019-05-08,,미확인,opendart,연결재무제표기준영업(잠정)실적(공정공시),20190508800505,1
039490,키움증권,securities,2019Q2,2019-08-14,,미확인,opendart,연결재무제표기준영업(잠정)실적(공정공시),20190814801381,1
039490,키움증권,securities,2019Q3,2019-11-14,,미확인,opendart,연결재무제표기준영업(잠정)실적(공정공시),20191114801274,1
039490,키움증권,securities,2019Q4,2020-02-11,,미확인,opendart,매출액또는손익구조30%(대규모법인은15%)이상변경,20200211800592,1
039490,키움증권,securities,2020Q1,2020-05-15,,미확인,opendart,연결재무제표기준영업(잠정)실적(공정공시),20200515801517,1
039490,키움증권,securities,2020Q2,2020-08-04,,미확인,opendart,연결재무제표기준영업(잠정)실적(공정공시),20200804800306,1
039490,키움증권,securities,2020Q3,2020-11-12,,미확인,opendart,연결재무제표기준영업(잠정)실적(공정공시),20201112800487,1
039490,키움증권,securities,2020Q4,2021-02-09,,미확인,opendart,매출액또는손익구조30%(대규모법인은15%)이상변경,20210209801311,1
039490,키움증권,securities,2021Q1,2021-05-12,,미확인,opendart,연결재무제표기준영업(잠정)실적(공정공시),20210512800386,1
039490,키움증권,securities,2021Q2,2021-08-10,,미확인,opendart,연결재무제표기준영업(잠정)실적(공정공시),20210810800546,1
039490,키움증권,securities,2021Q3,2021-11-09,,미확인,opendart,연결재무제표기준영업(잠정)실적(공정공시),20211109800452,1
039490,키움증권,securities,2021Q4,2022-02-11,,미확인,opendart,매출액또는손익구조30%(대규모법인은15%)이상변경,20220211800921,1
039490,키움증권,securities,2022Q1,2022-05-10,,미확인,opendart,연결재무제표기준영업(잠정)실적(공정공시),20220510800314,1
039490,키움증권,securities,2022Q2,2022-08-09,,미확인,opendart,연결재무제표기준영업(잠정)실적(공정공시),20220809800321,1
039490,키움증권,securities,2022Q3,2022-11-08,,미확인,opendart,연결재무제표기준영업(잠정)실적(공정공시),20221108800511,1
039490,키움증권,securities,2022Q4,2023-02-10,,미확인,opendart,매출액또는손익구조30%(대규모법인은15%)이상변경,20230210801105,1
039490,키움증권,securities,2023Q1,2023-05-09,,미확인,opendart,연결재무제표기준영업(잠정)실적(공정공시),20230509800599,1
039490,키움증권,securities,2023Q2,2023-08-08,,미확인,opendart,연결재무제표기준영업(잠정)실적(공정공시),20230808800430,1
039490,키움증권,securities,2023Q3,2023-11-06,,미확인,opendart,연결재무제표기준영업(잠정)실적(공정공시),20231106800562,1
039490,키움증권,securities,2023Q4,2024-02-14,,미확인,opendart,매출액또는손익구조30%(대규모법인15%)미만변경(자율공시),20240214801161,1
039490,키움증권,securities,2024Q1,2024-05-02,,미확인,opendart,연결재무제표기준영업(잠정)실적(공정공시),20240502800038,1
039490,키움증권,securities,2024Q2,2024-07-31,,미확인,opendart,연결재무제표기준영업(잠정)실적(공정공시),20240731800004,1
039490,키움증권,securities,2024Q3,2024-10-30,,미확인,opendart,연결재무제표기준영업(잠정)실적(공정공시),20241030800005,1
039490,키움증권,securities,2024Q4,2025-02-05,,미확인,opendart,연결재무제표기준영업(잠정)실적(공정공시),20250205800008,2
039490,키움증권,securities,2025Q1,2025-04-30,,미확인,opendart,연결재무제표기준영업(잠정)실적(공정공시),20250430800017,1
039490,키움증권,securities,2025Q2,2025-07-30,,미확인,opendart,연결재무제표기준영업(잠정)실적(공정공시),20250730800012,1
039490,키움증권,securities,2025Q3,2025-10-30,,미확인,opendart,연결재무제표기준영업(잠정)실적(공정공시),20251030800012,1
039490,키움증권,securities,2025Q4,2026-02-04,,미확인,opendart,연결재무제표기준영업(잠정)실적(공정공시),20260204800020,2
039490,키움증권,securities,2026Q1,2026-04-30,,미확인,opendart,연결재무제표기준영업(잠정)실적(공정공시),20260430800012,1
039490,키움증권,securities,2026Q2,2026-07-30,,미확인,opendart,연결재무제표기준영업(잠정)실적(공정공시),20260730800016,1
071050,한국금융지주,securities,2019Q4,2020-02-06,,미확인,opendart,매출액또는손익구조30%(대규모법인은15%)이상변경,20200206800602,1
071050,한국금융지주,securities,2020Q4,2021-02-10,,미확인,opendart,매출액또는손익구조30%(대규모법인은15%)이상변경,20210210801063,1
071050,한국금융지주,securities,2021Q2,2021-08-02,,미확인,opendart,연결재무제표기준영업(잠정)실적(공정공시),20210802800301,1
071050,한국금융지주,securities,2021Q3,2021-11-02,,미확인,opendart,연결재무제표기준영업(잠정)실적(공정공시),20211102800297,1
071050,한국금융지주,securities,2021Q4,2022-02-10,,미확인,opendart,매출액또는손익구조30%(대규모법인은15%)이상변경,20220210800703,1
071050,한국금융지주,securities,2022Q1,2022-05-04,,미확인,opendart,연결재무제표기준영업(잠정)실적(공정공시),20220504800335,1
071050,한국금융지주,securities,2022Q2,2022-08-02,,미확인,opendart,연결재무제표기준영업(잠정)실적(공정공시),20220802800320,1
071050,한국금융지주,securities,2022Q3,2022-11-09,,미확인,opendart,연결재무제표기준영업(잠정)실적(공정공시),20221109800389,1
071050,한국금융지주,securities,2022Q4,2023-02-09,,미확인,opendart,매출액또는손익구조30%(대규모법인은15%)이상변경,20230209800545,1
071050,한국금융지주,securities,2023Q1,2023-05-04,,미확인,opendart,연결재무제표기준영업(잠정)실적(공정공시),20230504800453,1
071050,한국금융지주,securities,2023Q2,2023-08-04,,미확인,opendart,연결재무제표기준영업(잠정)실적(공정공시),20230804800287,1
071050,한국금융지주,securities,2023Q3,2023-11-09,,미확인,opendart,연결재무제표기준영업(잠정)실적(공정공시),20231109800389,1
071050,한국금융지주,securities,2023Q4,2024-02-15,,미확인,opendart,매출액또는손익구조30%(대규모법인은15%)이상변경,20240215800643,1
071050,한국금융지주,securities,2024Q1,2024-05-07,,미확인,opendart,연결재무제표기준영업(잠정)실적(공정공시),20240507800412,1
071050,한국금융지주,securities,2024Q2,2024-08-05,,미확인,opendart,연결재무제표기준영업(잠정)실적(공정공시),20240805800609,1
071050,한국금융지주,securities,2024Q3,2024-11-06,,미확인,opendart,연결재무제표기준영업(잠정)실적(공정공시),20241106800270,1
071050,한국금융지주,securities,2024Q4,2025-02-13,,미확인,opendart,매출액또는손익구조30%(대규모법인은15%)이상변경,20250213801128,1
071050,한국금융지주,securities,2025Q1,2025-05-14,,미확인,opendart,연결재무제표기준영업(잠정)실적(공정공시),20250514800816,1
071050,한국금융지주,securities,2025Q2,2025-08-06,,미확인,opendart,연결재무제표기준영업(잠정)실적(공정공시),20250806800292,1
071050,한국금융지주,securities,2025Q3,2025-11-11,,미확인,opendart,연결재무제표기준영업(잠정)실적(공정공시),20251111800404,1
071050,한국금융지주,securities,2025Q4,2026-02-11,,미확인,opendart,매출액또는손익구조30%(대규모법인은15%)이상변경,20260211800645,1
071050,한국금융지주,securities,2026Q1,2026-05-14,,미확인,opendart,연결재무제표기준영업(잠정)실적(공정공시),20260514801026,1
071050,한국금융지주,securities,2026Q2,2026-08-06,,미확인,opendart,연결재무제표기준영업(잠정)실적(공정공시),20260806800245,1
138040,메리츠금융지주,securities,2019Q4,2020-01-30,,미확인,opendart,매출액또는손익구조30%(대규모법인은15%)이상변경,20200130800660,2
138040,메리츠금융지주,securities,2020Q4,2021-02-08,,미확인,opendart,매출액또는손익구조30%(대규모법인은15%)이상변경,20210208800957,3
138040,메리츠금융지주,securities,2021Q4,2022-02-07,,미확인,opendart,매출액또는손익구조30%(대규모법인은15%)이상변경,20220207801124,2
138040,메리츠금융지주,securities,2022Q4,2023-02-02,,미확인,opendart,매출액또는손익구조30%(대규모법인은15%)이상변경,20230202800290,1
138040,메리츠금융지주,securities,2023Q1,2023-05-12,,미확인,opendart,연결재무제표기준영업(잠정)실적(공정공시),20230512800666,1
138040,메리츠금융지주,securities,2023Q2,2023-08-14,,미확인,opendart,연결재무제표기준영업(잠정)실적(공정공시),20230814801096,1
138040,메리츠금융지주,securities,2023Q3,2023-11-13,,미확인,opendart,연결재무제표기준영업(잠정)실적(공정공시),20231113800500,1
138040,메리츠금융지주,securities,2023Q4,2024-02-07,,미확인,opendart,매출액또는손익구조30%(대규모법인은15%)이상변경,20240207800778,2
138040,메리츠금융지주,securities,2024Q1,2024-05-14,,미확인,opendart,연결재무제표기준영업(잠정)실적(공정공시),20240514800771,1
138040,메리츠금융지주,securities,2024Q2,2024-08-14,,미확인,opendart,연결재무제표기준영업(잠정)실적(공정공시),20240814801523,1
138040,메리츠금융지주,securities,2024Q3,2024-11-13,,미확인,opendart,연결재무제표기준영업(잠정)실적(공정공시),20241113800482,1
138040,메리츠금융지주,securities,2024Q4,2025-02-06,,미확인,opendart,매출액또는손익구조30%(대규모법인은15%)이상변경,20250206801008,2
138040,메리츠금융지주,securities,2025Q1,2025-05-14,,미확인,opendart,연결재무제표기준영업(잠정)실적(공정공시),20250514800603,1
138040,메리츠금융지주,securities,2025Q2,2025-08-13,,미확인,opendart,연결재무제표기준영업(잠정)실적(공정공시),20250813800611,1
138040,메리츠금융지주,securities,2025Q3,2025-11-14,,미확인,opendart,연결재무제표기준영업(잠정)실적(공정공시),20251114801586,1
138040,메리츠금융지주,securities,2025Q4,2026-02-09,,미확인,opendart,매출액또는손익구조30%(대규모법인은15%)이상변경,20260209801098,3
138040,메리츠금융지주,securities,2026Q1,2026-05-14,,미확인,opendart,연결재무제표기준영업(잠정)실적(공정공시),20260514800837,1
138040,메리츠금융지주,securities,2026Q2,2026-08-12,,미확인,opendart,연결재무제표기준영업(잠정)실적(공정공시),20260812800531,1
