ticker,name,sector,fiscal_q,announce_date,announce_time,timing,source
105560,KB금융,bank,2025Q3,2025-10-30,16:00,장후,chickstockfi
105560,KB금융,bank,2025Q4,2026-02-05,16:00,장후,chickstockfi
105560,KB금융,bank,2026Q1,2026-04-23,16:00,장후,chickstockfi
105560,KB금융,bank,2026Q2,2026-07-23,16:00,장후,chickstockfi;thepowernews
055550,신한지주,bank,2025Q4,2026-02-05,,미확인,chickstockfi
055550,신한지주,bank,2026Q1,2026-04-23,,미확인,chickstockfi
055550,신한지주,bank,2026Q2,2026-07-23,14:00,장중,chickstockfi;thepowernews
086790,하나금융지주,bank,2025Q3,2025-10-28,15:00,장중,chickstockfi
086790,하나금융지주,bank,2025Q4,2026-01-30,15:00,장중,chickstockfi
086790,하나금융지주,bank,2026Q1,2026-04-24,15:00,장중,chickstockfi
086790,하나금융지주,bank,2026Q2,2026-07-24,15:00,장중,chickstockfi;thepowernews
316140,우리금융지주,bank,2025Q3,2025-10-29,16:00,장후,chickstockfi
316140,우리금융지주,bank,2025Q4,2026-02-06,16:00,장후,chickstockfi
316140,우리금융지주,bank,2026Q1,2026-04-24,16:00,장후,chickstockfi
316140,우리금융지주,bank,2026Q2,2026-07-24,16:00,장후,chickstockfi;thepowernews
175330,JB금융지주,bank,2026Q2,2026-07-23,17:00,장후,thepowernews
024110,기업은행,bank,2026Q2,2026-07-27,,미확인,chickstockfi;thepowernews
139130,iM금융지주,bank,2026Q2,2026-07-27,,미확인,thepowernews
138930,BNK금융지주,bank,2026Q2,2026-07-28,,미확인,thepowernews
323410,카카오뱅크,bank,2025Q3,2025-11-05,10:00,장중,chickstockfi
323410,카카오뱅크,bank,2025Q4,2026-02-04,10:00,장중,chickstockfi
323410,카카오뱅크,bank,2026Q1,2026-05-06,10:00,장중,chickstockfi
323410,카카오뱅크,bank,2026Q2,2026-08-05,10:00,장중,chickstockfi;thepowernews
029780,삼성카드,card,2025Q3,2025-10-28,,미확인,chickstockfi
029780,삼성카드,card,2025Q4,2026-02-05,,미확인,chickstockfi
029780,삼성카드,card,2026Q1,2026-04-24,,미확인,chickstockfi
029780,삼성카드,card,2026Q2,2026-07-27,,미확인,chickstockfi;thepowernews
005940,NH투자증권,securities,2026Q2,2026-07-23,,미확인,chickstockfi
039490,키움증권,securities,2025Q3,2025-10-30,10:00,장중,chickstockfi
039490,키움증권,securities,2025Q4,2026-02-04,10:00,장중,chickstockfi
039490,키움증권,securities,2026Q1,2026-04-30,10:00,장중,chickstockfi
039490,키움증권,securities,2026Q2,2026-07-30,10:00,장중,chickstockfi
016360,삼성증권,securities,2025Q4,2026-02-09,,미확인,chickstockfi
016360,삼성증권,securities,2026Q1,2026-05-11,,미확인,chickstockfi
016360,삼성증권,securities,2026Q2,2026-08-04,,미확인,chickstockfi
071050,한국금융지주,securities,2026Q2,2026-08-06,,미확인,chickstockfi
003540,대신증권,securities,2026Q2,2026-08-11,,미확인,chickstockfi
006800,미래에셋증권,securities,2025Q3,2025-11-06,,미확인,chickstockfi
006800,미래에셋증권,securities,2025Q4,2026-02-09,,미확인,chickstockfi
006800,미래에셋증권,securities,2026Q1,2026-05-12,,미확인,chickstockfi
006800,미래에셋증권,securities,2026Q2,2026-08-12,,미확인,chickstockfi
138040,메리츠금융지주,securities,2025Q2,2025-08-13,16:00,장후,chickstockfi
138040,메리츠금융지주,securities,2025Q3,2025-11-14,16:00,장후,chickstockfi
138040,메리츠금융지주,securities,2025Q4,2026-02-11,16:00,장후,chickstockfi
138040,메리츠금융지주,securities,2026Q1,2026-05-14,16:00,장후,chickstockfi
138040,메리츠금융지주,securities,2026Q2,2026-08-12,16:00,장후,chickstockfi
