design,sector,rel_day,coef_pct,se_firm_pct
A,securities,-5,0.4656681223128568,0.16301021460782095
A,securities,-4,0.2844795657950614,0.24085432687333347
A,securities,-3,0.004206690868934562,0.17485795014727673
A,securities,-2,-0.24156684553069005,0.2495343017282573
A,securities,-1,0.0,0.0
A,securities,0,0.008073563420323938,0.4195542208922752
A,securities,1,-0.2424610103308949,0.4486144095855596
A,securities,2,0.022317503566264347,0.25610011984332975
A,securities,3,0.3341923070587112,0.31036104070785864
A,bank,-5,0.3762829045663062,0.3146939031710258
A,bank,-4,0.37469265471365815,0.3959811920850014
A,bank,-3,0.27679981067398673,0.25068877348918134
A,bank,-2,0.3801873388359819,0.29728368143494166
A,bank,-1,0.0,0.0
A,bank,0,0.44816723229875977,0.3487057370400037
A,bank,1,-0.26844879227182755,0.3135530795051991
A,bank,2,-0.2984627726387609,0.467676332926354
A,bank,3,-0.5831527059760737,0.3228113494744551
B_high,bank,-5,-0.1751636436073632,0.3370691669709723
B_high,bank,-4,0.29187293379472357,0.36360181030287875
B_high,bank,-3,-0.3649270818848859,0.4051317166559054
B_high,bank,-2,0.4258211638862768,0.30346143770540424
B_high,bank,-1,0.0,0.0
B_high,bank,0,-0.6222320957880014,0.6724212710210717
B_high,bank,1,0.6108996355296172,0.46092329923946246
B_high,bank,2,0.7067185502223166,0.41067322122008465
B_high,bank,3,-0.48607027134429504,0.5046390190162267
B_low,bank,-5,-0.12972240840594132,0.18192362727735562
B_low,bank,-4,-0.23068181857821035,0.29106286483560434
B_low,bank,-3,-0.38590538641073413,0.2519235940303396
B_low,bank,-2,0.12038381918232262,0.26960731411794536
B_low,bank,-1,0.0,0.0
B_low,bank,0,-1.7505428424128926,0.5863531572675077
B_low,bank,1,-0.41951840584314587,0.583536857516227
B_low,bank,2,0.6804297753554673,0.23049149232840832
B_low,bank,3,-0.5225729091077022,0.13003107678894976
B_high,securities,-5,-0.6765373104162115,0.3396245649795076
B_high,securities,-4,-1.4208092718156125,1.5217976496654286
B_high,securities,-3,-0.5860354605830721,1.0998842099334438
B_high,securities,-2,-0.08719696345624889,0.9449841780807587
B_high,securities,-1,0.0,0.0
B_high,securities,0,-1.8455946697077932,0.8618119961875306
B_high,securities,1,-0.6895106253870621,0.8046954564884637
B_high,securities,2,0.013652995929523912,0.6740034911784737
B_high,securities,3,-0.2911058833754718,0.8867294452242713
B_low,securities,-5,-0.7019401325763427,0.8523350815140097
B_low,securities,-4,-1.6679545402908766,1.6536311824302419
B_low,securities,-3,1.4231275829461794,0.6197338567302593
B_low,securities,-2,-0.9583985858496942,0.49781078332797973
B_low,securities,-1,0.0,0.0
B_low,securities,0,-1.1521684415936748,1.2063001400763587
B_low,securities,1,0.4069035470055253,0.46351856594434643
B_low,securities,2,1.0342217153570945,0.5604287871326958
B_low,securities,3,0.3699226981817705,0.9058941640991502
