ticker,name,sector,fiscal_q,announce_date,ir_time,timing,net_income,net_income_prev_year,delta,yoy_growth,delta_std,n_history,sue,basis,rcept_no
003540,대신증권,securities,2019Q1,2019-05-15,,미확인,45345000000.0,57131000000.0,-11786000000.0,-0.20629780679490994,,0.0,,owners,20190515800909
003540,대신증권,securities,2019Q2,2019-08-14,,미확인,38977000000.0,52918000000.0,-13941000000.0,-0.2634453305113572,,1.0,,owners,20190814801059
003540,대신증권,securities,2019Q4,2020-02-06,,미확인,,,,,,2.0,,,20200206800501
003540,대신증권,securities,2020Q4,2021-02-04,,미확인,,,,,,2.0,,,20210204800521
003540,대신증권,securities,2021Q4,2022-02-03,,미확인,,,,,,2.0,,,20220203800607
003540,대신증권,securities,2022Q4,2023-02-09,,미확인,,,,,,2.0,,,20230209800735
003540,대신증권,securities,2023Q3,2023-11-09,,미확인,20473000000.0,29038000000.0,-8565000000.0,-0.29495833046353054,,2.0,,owners,20231109800623
003540,대신증권,securities,2023Q4,2024-02-07,,미확인,11046609000.0,-69183234000.0,80229843000.0,1.1596717638264786,,3.0,,total_annual_minus_q3,20240207800957
003540,대신증권,securities,2024Q1,2024-05-07,,미확인,53479000000.0,50408000000.0,3071000000.0,0.060922869385811776,45883464178.03654,4.0,0.06693043027623062,owners,20240507800523
003540,대신증권,securities,2024Q2,2024-08-08,,미확인,52008000000.0,71573000000.0,-19565000000.0,-0.2733572715968312,43931637123.133286,4.0,-0.44535103358799183,owners,20240808800455
003540,대신증권,securities,2024Q3,2024-11-07,,미확인,2823000000.0,20473000000.0,-17650000000.0,-0.8621110731206956,45245448093.23176,4.0,-0.39009449002761126,owners,20241107800529
003540,대신증권,securities,2024Q4,2025-02-06,,미확인,25411765000.0,-9448280000.0,34860045000.0,3.6895651907013765,41630418466.90506,5.0,0.8373695553339848,total_annual_minus_q3,20250206800749
003540,대신증권,securities,2025Q1,2025-05-13,,미확인,77108000000.0,53479000000.0,23629000000.0,0.44183698274088895,38874122356.468925,6.0,0.6078336581679243,owners,20250513800752
003540,대신증권,securities,2025Q2,2025-08-08,,미확인,73947000000.0,52008000000.0,21939000000.0,0.4218389478541763,35755277980.91133,7.0,0.6135877341441052,owners,20250808800440
003540,대신증권,securities,2025Q3,2025-11-06,,미확인,41624000000.0,2823000000.0,38801000000.0,13.744597945448104,33230384709.634357,8.0,1.1676361961813393,owners,20251106800667
003540,대신증권,securities,2025Q4,2026-02-09,,미확인,20833241000.0,35798139000.0,-14964898000.0,-0.4180356414616972,32699571097.886433,8.0,-0.45764814331057907,total_annual_minus_q3,20260209801447
003540,대신증권,securities,2026Q1,2026-05-08,,미확인,149815000000.0,77108000000.0,72707000000.0,0.9429242101986823,24123125424.253117,8.0,3.0139958534104876,owners,20260508800766
003540,대신증권,securities,2026Q2,2026-08-11,,미확인,258562000000.0,73947000000.0,184615000000.0,2.4965853922403882,32783891664.127476,8.0,5.6312716590022145,owners,20260811800542
005940,NH투자증권,securities,2019Q1,2019-04-25,,미확인,171143000000.0,128130000000.0,43013000000.0,0.3356981190977913,,0.0,,owners,20190425800624
005940,NH투자증권,securities,2019Q2,2019-07-26,,미확인,107349000000.0,116752000000.0,-9403000000.0,-0.08053823489105112,,1.0,,owners,20190726800087
005940,NH투자증권,securities,2019Q3,2019-10-24,,미확인,80586000000.0,105586000000.0,-25000000000.0,-0.23677381471028355,,2.0,,owners,20191024800324
005940,NH투자증권,securities,2019Q4,2020-01-30,,미확인,116489369000.0,11668956000.0,104820413000.0,8.982844137898883,,3.0,,total_annual_minus_q3,20200130800505
005940,NH투자증권,securities,2020Q1,2020-04-28,,미확인,32189000000.0,171143000000.0,-138954000000.0,-0.8119175192675131,58691961150.72014,4.0,-2.3675133233862824,owners,20200428800466
005940,NH투자증권,securities,2020Q2,2020-07-24,,미확인,229492000000.0,107350000000.0,122142000000.0,1.1377922682813228,90455482112.50279,5.0,1.3502995854699833,owners,20200724800363
005940,NH투자증권,securities,2020Q3,2020-10-27,,미확인,239708000000.0,80586000000.0,159122000000.0,1.9745613381977019,96147681079.0402,6.0,1.6549749116589765,owners,20201027800337
005940,NH투자증권,securities,2020Q4,2021-01-28,,미확인,75636495000.0,116489369000.0,-40852874000.0,-0.3507004488967573,103081067060.1661,7.0,-0.39631791913984643,total_annual_minus_q3,20210128800391
005940,NH투자증권,securities,2021Q1,2021-04-29,,미확인,257457000000.0,32189000000.0,225268000000.0,6.998291341762714,99279131914.13237,8.0,2.2690367618729463,owners,20210429800424
005940,NH투자증권,securities,2021Q2,2021-07-22,,미확인,270439000000.0,229492000000.0,40947000000.0,0.17842452024471442,121858690502.6413,8.0,0.33602035136847686,owners,20210722800361
005940,NH투자증권,securities,2021Q3,2021-10-22,,미확인,214616000000.0,239707000000.0,-25091000000.0,-0.10467362238065639,119653727501.46693,8.0,-0.20969676853311894,owners,20211022800274
005940,NH투자증권,securities,2021Q4,2022-01-21,,미확인,205373973000.0,75636495000.0,129737478000.0,1.71527617719462,119662525006.25272,8.0,1.0841947217244567,total_annual_minus_q3,20220121800498
005940,NH투자증권,securities,2022Q1,2022-04-21,,미확인,102385000000.0,257457000000.0,-155072000000.0,-0.6023219411396855,121428251966.39299,8.0,-1.2770668892023447,owners,20220421800355
005940,NH투자증권,securities,2022Q2,2022-07-25,,미확인,119711000000.0,270439000000.0,-150728000000.0,-0.5573456491112598,125256073574.79132,8.0,-1.203358812856282,owners,20220725800359
005940,NH투자증권,securities,2022Q3,2022-10-27,,미확인,12051000000.0,214616000000.0,-202565000000.0,-0.9438485481045216,141136944481.23007,8.0,-1.4352372494994696,owners,20221027800593
005940,NH투자증권,securities,2022Q4,2023-02-01,,미확인,69070804000.0,188906821000.0,-119836017000.0,-0.6343657490271355,148984714613.66037,8.0,-0.8043510860208224,total_annual_minus_q3,20230201800503
005940,NH투자증권,securities,2023Q1,2023-04-27,,미확인,184081000000.0,102385000000.0,81696000000.0,0.7979293841871368,152954358590.8803,8.0,0.5341201176131178,owners,20230427800614
005940,NH투자증권,securities,2023Q2,2023-07-27,,미확인,182652000000.0,119711000000.0,62941000000.0,0.525774573765151,124143069712.96475,8.0,0.5070037348482517,owners,20230727800353
005940,NH투자증권,securities,2023Q3,2023-10-26,,미확인,100839000000.0,12052000000.0,88787000000.0,7.366993030202456,126665684872.19624,8.0,0.7009554331118546,owners,20231026800439
005940,NH투자증권,securities,2023Q4,2024-01-26,,미확인,106380011000.0,69560991000.0,36819020000.0,0.5293055701290972,135609476687.95032,8.0,0.2715077212835494,total_annual_minus_q3,20240126800629
005940,NH투자증권,securities,2024Q1,2024-04-25,,미확인,225468000000.0,184082000000.0,41386000000.0,0.22482371986397368,123066382731.98805,8.0,0.3362900499816408,owners,20240425800374
005940,NH투자증권,securities,2024Q2,2024-07-25,,미확인,197215000000.0,182652000000.0,14563000000.0,0.07973085430217025,117375634820.3187,8.0,0.12407174642585213,owners,20240725800486
005940,NH투자증권,securities,2024Q3,2024-10-28,,미확인,153945000000.0,100838000000.0,53107000000.0,0.5266566175449732,105010824746.25203,8.0,0.5057288153704883,owners,20241028800424
005940,NH투자증권,securities,2024Q4,2025-01-23,,미확인,110003487000.0,85568199000.0,24435288000.0,0.28556506138454546,66079338291.67827,8.0,0.36978711699776917,total_annual_minus_q3,20250123800386
005940,NH투자증권,securities,2025Q1,2025-04-24,,미확인,208228000000.0,225468000000.0,-17240000000.0,-0.07646317881029681,26299707443.710835,8.0,-0.6555205998735426,owners,20250424800607
005940,NH투자증권,securities,2025Q2,2025-07-31,,미확인,256747000000.0,197215000000.0,59532000000.0,0.30186344852065006,32131707365.256725,8.0,1.8527493520114209,owners,20250731800403
005940,NH투자증권,securities,2025Q3,2025-10-30,,미확인,283093000000.0,153945000000.0,129148000000.0,0.8389229919776544,31775838908.36705,8.0,4.064345881549437,owners,20251030800494
005940,NH투자증권,securities,2025Q4,2026-01-29,,미확인,283356761000.0,110002487000.0,173354274000.0,1.5759123155097394,42458857982.32289,8.0,4.082876512415229,total_annual_minus_q3,20260129800700
005940,NH투자증권,securities,2026Q1,2026-04-23,,미확인,475677000000.0,208228000000.0,267449000000.0,1.2844045949632135,62472703414.60341,8.0,4.28105373037982,owners,20260423800876
005940,NH투자증권,securities,2026Q2,2026-07-23,,미확인,489570000000.0,256747000000.0,232823000000.0,0.90681877490292,95406880600.76208,8.0,2.4403166578128355,owners,20260723800581
006800,미래에셋증권,securities,2019Q1,2019-05-13,,미확인,167029000000.0,199275000000.0,-32246000000.0,-0.16181658512106387,,0.0,,owners,20190513800581
006800,미래에셋증권,securities,2019Q2,2019-08-08,,미확인,218354000000.0,155604000000.0,62750000000.0,0.4032672681936197,,1.0,,owners,20190808800363
006800,미래에셋증권,securities,2019Q3,2019-11-07,,미확인,136869000000.0,73854000000.0,63015000000.0,0.8532374685189699,,2.0,,owners,20191107800291
006800,미래에셋증권,securities,2019Q4,2020-01-30,,미확인,138445941000.0,27705605000.0,110740336000.0,3.9970372781969568,,3.0,,total_annual_minus_q3,20200130800526
006800,미래에셋증권,securities,2020Q1,2020-04-28,,미확인,107781000000.0,167029000000.0,-59248000000.0,-0.35471684557771405,59947783313.48784,4.0,-0.9883267858324564,owners,20200428800534
006800,미래에셋증권,securities,2020Q2,2020-08-06,,미확인,300691000000.0,218354000000.0,82337000000.0,0.37708033743370856,71617643162.65218,5.0,1.149674805871549,owners,20200806800059
006800,미래에셋증권,securities,2020Q3,2020-11-12,,미확인,228414000000.0,136869000000.0,91545000000.0,0.6688512373145125,67656251769.85703,6.0,1.3530900338878387,owners,20201112800386
006800,미래에셋증권,securities,2020Q4,2021-01-28,,미확인,176070776000.0,138970833000.0,37099943000.0,0.2669620826119679,65005522430.15705,7.0,0.5707198652216164,total_annual_minus_q3,20210128800450
006800,미래에셋증권,securities,2021Q1,2021-05-06,,미확인,291162000000.0,107781000000.0,183381000000.0,1.7014223286107941,60257634122.57365,8.0,3.043282443299612,owners,20210506800272
006800,미래에셋증권,securities,2021Q2,2021-08-05,,미확인,343709000000.0,300691000000.0,43018000000.0,0.14306380969167684,68664138957.570045,8.0,0.626498790388711,owners,20210805800250
006800,미래에셋증권,securities,2021Q3,2021-11-11,,미확인,340821000000.0,228414000000.0,112407000000.0,0.49211957235545983,69372151198.95882,8.0,1.6203476187096686,owners,20211111800351
006800,미래에셋증권,securities,2021Q4,2022-01-27,,미확인,194145677000.0,192080837000.0,2064840000.0,0.010749849033612863,70944896404.28833,8.0,0.02910484199220268,total_annual_minus_q3,20220127800432
006800,미래에셋증권,securities,2022Q1,2022-05-12,,미확인,191755000000.0,291162000000.0,-99407000000.0,-0.34141474505601693,73516667242.89632,8.0,-1.3521695654614347,owners,20220512800494
006800,미래에셋증권,securities,2022Q2,2022-08-09,,미확인,253705000000.0,343709000000.0,-90004000000.0,-0.261861051063545,83621907922.7776,8.0,-1.0763208139560279,owners,20220809800257
006800,미래에셋증권,securities,2022Q3,2022-11-10,,미확인,103565000000.0,340821000000.0,-237256000000.0,-0.696130813535551,97138167411.45737,8.0,-2.442459090205318,owners,20221110800421
006800,미래에셋증권,securities,2022Q4,2023-01-26,,미확인,54321877000.0,190388432000.0,-136066555000.0,-0.7146786890917827,132811148669.3283,8.0,-1.0245115441232797,total_annual_minus_q3,20230126800520
006800,미래에셋증권,securities,2023Q1,2023-05-11,,미확인,236730000000.0,200584000000.0,36146000000.0,0.180203804889722,138745832498.74942,8.0,0.2605195366882519,owners,20230511800671
006800,미래에셋증권,securities,2023Q2,2023-08-10,,미확인,132512000000.0,256131000000.0,-123619000000.0,-0.48263974294404033,114364409449.74095,8.0,-1.0809219458639894,owners,20230810800629
006800,미래에셋증권,securities,2023Q3,2023-11-09,,미확인,77448000000.0,108555000000.0,-31107000000.0,-0.28655520243194693,110930039518.98,8.0,-0.2804199848380801,owners,20231109800571
006800,미래에셋증권,securities,2023Q4,2024-02-06,,미확인,-157936974000.0,124763422000.0,-282700396000.0,-2.2658916489161385,86746540463.87074,8.0,-3.2589241540732394,total_annual_minus_q3,20240206800211
006800,미래에셋증권,securities,2024Q1,2024-05-09,,미확인,164721000000.0,236730000000.0,-72009000000.0,-0.3041819794702826,102884801181.985,8.0,-0.6998992968128386,owners,20240509800604
006800,미래에셋증권,securities,2024Q2,2024-08-08,,미확인,198725000000.0,132512000000.0,66213000000.0,0.49967550108669406,104135696424.47339,8.0,0.6358338425097332,owners,20240808800065
006800,미래에셋증권,securities,2024Q3,2024-11-07,,미확인,291153000000.0,77448000000.0,213705000000.0,2.759335295940502,122894559254.14117,8.0,1.7389297076859713,owners,20241107800067
006800,미래에셋증권,securities,2024Q4,2025-02-07,,미확인,231887360000.0,-122735827000.0,354623187000.0,2.8893208744990164,150077394911.63507,8.0,2.3629353854976003,total_annual_minus_q3,20250207800028
006800,미래에셋증권,securities,2025Q1,2025-05-08,,미확인,258736000000.0,162859000000.0,95877000000.0,0.588711707673509,198286218649.78244,8.0,0.48352830899125726,owners,20250508800065
006800,미래에셋증권,securities,2025Q2,2025-08-07,,미확인,403295000000.0,197252000000.0,206043000000.0,1.0445673554640764,200090668958.8587,8.0,1.0297481690281378,owners,20250807800040
006800,미래에셋증권,securities,2025Q3,2025-11-06,10:00,장중,340395000000.0,290454000000.0,49941000000.0,0.17194116796463468,198432771928.52444,8.0,0.2516771776891207,owners,20251106800074
006800,미래에셋증권,securities,2025Q4,2026-02-09,,미확인,585709719000.0,267705295000.0,318004424000.0,1.1878899294838379,194634144271.98773,8.0,1.633857333662951,total_annual_minus_q3,20260209800224
006800,미래에셋증권,securities,2026Q1,2026-05-12,10:00,장중,996246000000.0,258735000000.0,737511000000.0,2.8504493014087773,144624360438.5391,8.0,5.099493596816419,owners,20260512800126
006800,미래에셋증권,securities,2026Q2,2026-08-12,10:00,장중,1895940000000.0,403295000000.0,1492645000000.0,3.701124487038024,224824585955.87527,8.0,6.639153781397159,owners,20260812800085
016360,삼성증권,securities,2019Q1,2019-05-14,,미확인,117190000000.0,132585000000.0,-15395000000.0,-0.11611419089640608,,0.0,,owners,20190514800681
016360,삼성증권,securities,2019Q3,2019-11-08,,미확인,88927000000.0,64225000000.0,24702000000.0,0.384616582327754,,1.0,,owners,20191108800592
016360,삼성증권,securities,2019Q4,2020-01-30,,미확인,89409519000.0,37235545000.0,52173974000.0,1.401187333232265,,2.0,,owners_annual_minus_q3,20200130800651
016360,삼성증권,securities,2020Q4,2021-01-29,,미확인,,,,,,3.0,,,20210129800671
016360,삼성증권,securities,2021Q1,2021-05-07,,미확인,289040000000.0,15404000000.0,273636000000.0,17.76395741365879,,3.0,,owners,20210507800651
016360,삼성증권,securities,2021Q2,2021-08-06,,미확인,264453000000.0,131741000000.0,132712000000.0,1.0073705224645326,129576402587.07538,4.0,1.0241988305765588,owners,20210806800321
016360,삼성증권,securities,2021Q3,2021-11-05,,미확인,268214000000.0,233731000000.0,34483000000.0,0.1475328475897506,114330293502.17525,5.0,0.30160860209235735,owners,20211105800480
016360,삼성증권,securities,2021Q4,2022-01-28,,미확인,144107664000.0,126911364000.0,17196300000.0,0.13549850429469815,105066307238.48303,6.0,0.16367092793094232,owners_annual_minus_q3,20220128800945
016360,삼성증권,securities,2022Q1,2022-05-12,,미확인,151778000000.0,289040000000.0,-137262000000.0,-0.4748892886797675,99152823390.87424,7.0,-1.3843478713550503,owners,20220512800367
016360,삼성증권,securities,2022Q2,2022-08-11,,미확인,136819000000.0,264453000000.0,-127634000000.0,-0.48263396520364676,124872418561.15878,7.0,-1.022115223446951,owners,20220811800415
016360,삼성증권,securities,2022Q3,2022-10-26,,미확인,123434000000.0,268214000000.0,-144780000000.0,-0.5397928519764069,143312572798.3354,7.0,-1.0102393472743632,owners,20221026800565
016360,삼성증권,securities,2022Q4,2023-01-27,,미확인,11884195000.0,143631209000.0,-131747014000.0,-0.9172589642408426,157972830019.7718,7.0,-0.8339852744520093,owners_annual_minus_q3,20230127800603
016360,삼성증권,securities,2023Q1,2023-05-11,,미확인,252622000000.0,151778000000.0,100844000000.0,0.6644177680559765,154251366523.88898,8.0,0.653764062339002,owners,20230511800487
016360,삼성증권,securities,2023Q2,2023-08-08,,미확인,151549000000.0,136819000000.0,14730000000.0,0.107660485751248,116197232509.48177,8.0,0.1267672188216533,owners,20230808800285
016360,삼성증권,securities,2023Q3,2023-11-02,,미확인,151012000000.0,123452000000.0,27560000000.0,0.22324466189288145,98431065143.69113,8.0,0.27999290630216694,owners,20231102800362
016360,삼성증권,securities,2023Q4,2024-01-26,,미확인,-7150115000.0,10355108000.0,-17505223000.0,-1.6904915912031049,97641921020.94298,8.0,-0.17927978901854408,owners_annual_minus_q3,20240126800802
016360,삼성증권,securities,2024Q1,2024-05-14,,미확인,253144000000.0,252622000000.0,522000000.0,0.0020663283482832057,95087692177.79555,8.0,0.005489669462415401,owners,20240514800861
016360,삼성증권,securities,2024Q2,2024-08-08,,미확인,257868000000.0,151549000000.0,106319000000.0,0.7015486740262226,89761982663.35603,8.0,1.184454674967904,owners,20240808800415
016360,삼성증권,securities,2024Q3,2024-11-07,,미확인,240313000000.0,151012000000.0,89301000000.0,0.5913503562630784,93221983914.49968,8.0,0.957939278377771,owners,20241107800427
016360,삼성증권,securities,2024Q4,2025-01-24,,미확인,147712890000.0,-7778292000.0,155491182000.0,19.99040174886723,78898478528.79485,8.0,1.9707754179727537,owners_annual_minus_q3,20250124800866
016360,삼성증권,securities,2025Q1,2025-05-14,,미확인,248414000000.0,253144000000.0,-4730000000.0,-0.01868501722339854,61454138539.5555,8.0,-0.07696796525681494,owners,20250514800727
016360,삼성증권,securities,2025Q2,2025-08-08,,미확인,234644000000.0,257868000000.0,-23224000000.0,-0.09006158189461275,62669790398.152596,8.0,-0.37057727259743006,owners,20250808800368
016360,삼성증권,securities,2025Q3,2025-11-11,,미확인,309174000000.0,240313000000.0,68861000000.0,0.2865471281204096,66720737417.034584,8.0,1.032077921585126,owners,20251111800414
016360,삼성증권,securities,2025Q4,2026-01-23,,미확인,216184011000.0,147712890000.0,68471121000.0,0.4635419495211284,67065823951.46301,8.0,1.0209539966220953,owners_annual_minus_q3,20260123800528
016360,삼성증권,securities,2026Q1,2026-05-11,,미확인,450856000000.0,248414000000.0,202442000000.0,0.8149379664592172,61969588909.20847,8.0,3.266795916568002,owners,20260511800572
016360,삼성증권,securities,2026Q2,2026-08-04,,미확인,488224000000.0,234644000000.0,253580000000.0,1.0807009767988953,75114949198.44429,8.0,3.3758925847113788,owners,20260804800508
024110,기업은행,bank,2019Q1,2019-04-25,15:30,장후,553381000000.0,510220000000.0,43161000000.0,0.08459292070087414,,0.0,,owners,20190425800448
024110,기업은행,bank,2019Q2,2019-07-25,15:30,장후,426963000000.0,421583000000.0,5380000000.0,0.012761425389543696,,1.0,,owners,20190725800343
024110,기업은행,bank,2019Q3,2019-10-25,15:30,장후,380707000000.0,520294000000.0,-139587000000.0,-0.26828485433235827,,2.0,,owners,20191025800242
024110,기업은행,bank,2019Q4,2020-02-10,,미확인,259684772000.0,304012857000.0,-44328085000.0,-0.14580990237528013,,3.0,,total_annual_minus_q3,20200210800652
024110,기업은행,bank,2020Q1,2020-04-27,15:30,장후,500041000000.0,553381000000.0,-53340000000.0,-0.09638928694696783,79077578548.68517,4.0,-0.6745274827448152,owners,20200427800328
024110,기업은행,bank,2020Q2,2020-07-27,15:30,장후,316588000000.0,426963000000.0,-110375000000.0,-0.2585118616835651,69036005885.13538,5.0,-1.5988033865059625,owners,20200727800253
024110,기업은행,bank,2020Q3,2020-10-27,,미확인,361198000000.0,380707000000.0,-19509000000.0,-0.05124413262692832,68498285293.00719,6.0,-0.28481004913551644,owners,20201027800297
024110,기업은행,bank,2020Q4,2021-02-05,,미확인,360293538000.0,246435979000.0,113857559000.0,0.4620167861122259,63572853491.59943,7.0,1.7909776381996954,total_annual_minus_q3,20210205800578
024110,기업은행,bank,2021Q1,2021-04-26,15:30,장후,589117000000.0,500041000000.0,89076000000.0,0.17813739273379584,81480437340.03284,8.0,1.0932194635660764,owners,20210426800297
024110,기업은행,bank,2021Q2,2021-07-26,15:30,장후,619184000000.0,316588000000.0,302596000000.0,0.9558037575650372,88343271591.60664,8.0,3.4252297265924345,owners,20210726800249
024110,기업은행,bank,2021Q3,2021-10-26,,미확인,607930000000.0,361198000000.0,246732000000.0,0.683093483352621,144877452310.79297,8.0,1.703039334724822,owners,20211026800233
024110,기업은행,bank,2021Q4,2022-02-08,,미확인,599494677000.0,360293538000.0,239201139000.0,0.6639062702256958,149426268951.8222,8.0,1.6007971066795683,total_annual_minus_q3,20220208800514
024110,기업은행,bank,2022Q1,2022-04-25,15:30,장후,658142000000.0,589117000000.0,69025000000.0,0.11716687856571785,153207820876.57642,8.0,0.45053183058850665,owners,20220425800272
024110,기업은행,bank,2022Q2,2022-07-22,15:30,장후,565013000000.0,619184000000.0,-54171000000.0,-0.08748772578102794,141234894740.1994,8.0,-0.38355252149015423,owners,20220722800246
024110,기업은행,bank,2022Q3,2022-10-26,15:30,장후,793440000000.0,607930000000.0,185510000000.0,0.30515026401065914,129235196057.04964,8.0,1.4354448761629022,owners,20221026800315
024110,기업은행,bank,2022Q4,2023-02-07,,미확인,773811787000.0,599494677000.0,174317110000.0,0.290773407484317,116565634279.04831,8.0,1.4954416975306764,total_annual_minus_q3,20230207800426
024110,기업은행,bank,2023Q1,2023-04-27,15:30,장후,720134000000.0,639525000000.0,80609000000.0,0.12604511160627027,115921460074.32187,8.0,0.6953759894700977,owners,20230427800440
024110,기업은행,bank,2023Q2,2023-07-25,15:30,장후,663969000000.0,521402000000.0,142567000000.0,0.2734300980817105,116661651859.3002,8.0,1.222055386048733,owners,20230725800240
024110,기업은행,bank,2023Q3,2023-10-27,15:30,장후,728589000000.0,757447000000.0,-28858000000.0,-0.03809903531204163,100421415558.36026,8.0,-0.28736898239827213,owners,20231027800383
024110,기업은행,bank,2023Q4,2024-02-07,,미확인,553233255000.0,750292578000.0,-197059323000.0,-0.26264330579583584,104008266791.76695,8.0,-1.89465057998254,total_annual_minus_q3,20240207800528
024110,기업은행,bank,2024Q1,2024-04-29,15:30,장후,780789000000.0,720134000000.0,60655000000.0,0.08422737990429559,131852343538.28725,8.0,0.4600221609438972,owners,20240429800407
024110,기업은행,bank,2024Q2,2024-07-29,15:30,장후,608153000000.0,663969000000.0,-55816000000.0,-0.0840641656462877,131681102216.98868,8.0,-0.42387251519222907,owners,20240729800271
024110,기업은행,bank,2024Q3,2024-11-01,15:30,장후,801406000000.0,728589000000.0,72817000000.0,0.09994249158304613,131860043338.35277,8.0,0.5522294559933644,owners,20241101800321
024110,기업은행,bank,2024Q4,2025-02-10,,미확인,476095304000.0,553233255000.0,-77137951000.0,-0.1394311536821842,120242009575.67,8.0,-0.6415224701601149,total_annual_minus_q3,20250210800909
024110,기업은행,bank,2025Q1,2025-04-25,15:30,장후,808586000000.0,780786000000.0,27800000000.0,0.035605146608673824,109892634161.89891,8.0,0.2529741889619622,owners,20250425800493
024110,기업은행,bank,2025Q2,2025-07-24,14:00,장중,693481000000.0,608153000000.0,85328000000.0,0.14030679779594937,105851523635.02591,8.0,0.806110267190951,owners,20250724800196
024110,기업은행,bank,2025Q3,2025-10-30,15:00,장중,746572000000.0,801406000000.0,-54834000000.0,-0.06842224789931695,95760338877.09958,8.0,-0.5726170212322961,owners,20251030800319
024110,기업은행,bank,2025Q4,2026-02-05,,미확인,459131937000.0,456612636000.0,2519301000.0,0.005517370307728409,96769864833.78464,8.0,0.026033941499528195,total_annual_minus_q3,20260205800397
024110,기업은행,bank,2026Q1,2026-04-24,17:00,장후,748687000000.0,808586000000.0,-59899000000.0,-0.07407870034850962,63968367249.98648,8.0,-0.9363846941085191,owners,20260424800766
024110,기업은행,bank,2026Q2,2026-07-27,17:00,장후,683619000000.0,693481000000.0,-9862000000.0,-0.014221009659961845,63902047545.86617,8.0,-0.15432995308830247,owners,20260727800560
029780,삼성카드,card,2019Q1,2019-04-26,,미확인,120300000000.0,111500000000.0,8800000000.0,0.07892376681614349,,0.0,,owners,20190426800552
029780,삼성카드,card,2019Q2,2019-07-26,,미확인,71600000000.0,82800000000.0,-11200000000.0,-0.13526570048309178,,1.0,,owners,20190726800363
029780,삼성카드,card,2019Q3,2019-11-08,,미확인,90800000000.0,80700000000.0,10100000000.0,0.1251548946716233,,2.0,,owners,20191108800328
029780,삼성카드,card,2019Q4,2020-01-31,,미확인,61400000000.0,70200000000.0,-8800000000.0,-0.12535612535612536,,3.0,,owners,20200131800572
029780,삼성카드,card,2020Q1,2020-04-29,,미확인,112200000000.0,120300000000.0,-8100000000.0,-0.06733167082294264,11284613418.27889,4.0,-0.7177915361176278,owners,20200429800108
029780,삼성카드,card,2020Q2,2020-07-28,,미확인,110500000000.0,71600000000.0,38900000000.0,0.5432960893854749,10380414249.922785,5.0,3.747441967481149,owners,20200728800089
029780,삼성카드,card,2020Q3,2020-10-27,,미확인,128100000000.0,90800000000.0,37300000000.0,0.4107929515418502,19048018269.625843,6.0,1.9582089575942367,owners,20201027800099
029780,삼성카드,card,2020Q4,2021-01-28,,미확인,48096408000.0,61418357000.0,-13321949000.0,-0.21690500447610475,21256976445.8412,7.0,-0.6267094962419436,total_annual_minus_q3,20210128800667
029780,삼성카드,card,2021Q1,2021-04-27,,미확인,138400000000.0,112200000000.0,26200000000.0,0.23351158645276293,21279593444.907246,8.0,1.231226530141737,owners,20210427800068
029780,삼성카드,card,2021Q2,2021-07-27,,미확인,143800000000.0,110500000000.0,33300000000.0,0.3013574660633484,22384315805.02542,8.0,1.487648775600456,owners,20210727800074
029780,삼성카드,card,2021Q3,2021-10-26,,미확인,139500000000.0,128100000000.0,11400000000.0,0.08899297423887588,22208681028.047108,8.0,0.5133127890667195,owners,20211026800066
029780,삼성카드,card,2021Q4,2022-01-27,,미확인,129357339000.0,48096408000.0,81260931000.0,1.6895426161554519,22177061748.1338,8.0,3.664188336709578,total_annual_minus_q3,20220127800774
029780,삼성카드,card,2022Q1,2022-04-25,,미확인,160800000000.0,138400000000.0,22400000000.0,0.16184971098265896,30055295345.759483,8.0,0.7452929589381136,owners,20220425800067
029780,삼성카드,card,2022Q2,2022-07-25,,미확인,155200000000.0,143800000000.0,11400000000.0,0.07927677329624479,26899825969.951717,8.0,0.42379456330811577,owners,20220725800060
029780,삼성카드,card,2022Q3,2022-10-26,,미확인,140500000000.0,139500000000.0,1000000000.0,0.007168458781362007,27307288958.250748,8.0,0.03662025921096995,owners,20221026800070
029780,삼성카드,card,2022Q4,2023-02-09,,미확인,165800000000.0,129400000000.0,36400000000.0,0.28129829984544047,28208436487.273552,8.0,1.2903940995248755,owners,20230209800056
029780,삼성카드,card,2023Q1,2023-04-25,,미확인,145500000000.0,160800000000.0,-15300000000.0,-0.09514925373134328,24640401550.06296,8.0,-0.6209314393239223,owners,20230425800062
029780,삼성카드,card,2023Q2,2023-07-25,,미확인,145100000000.0,155200000000.0,-10100000000.0,-0.06507731958762887,29031470926.179935,8.0,-0.34789832129697723,owners,20230725800041
029780,삼성카드,card,2023Q3,2023-10-26,,미확인,139500000000.0,140500000000.0,-1000000000.0,-0.0071174377224199285,30777195245.630016,8.0,-0.03249158969877178,owners,20231026800055
029780,삼성카드,card,2023Q4,2024-02-08,,미확인,179400000000.0,165800000000.0,13600000000.0,0.08202653799758745,31422692247.14934,8.0,0.4328082359408204,owners,20240208800070
029780,삼성카드,card,2024Q1,2024-04-26,,미확인,177900000000.0,145500000000.0,32400000000.0,0.22268041237113403,17127338213.677984,8.0,1.891712512229436,owners,20240426800061
029780,삼성카드,card,2024Q2,2024-07-26,,미확인,184900000000.0,145100000000.0,39800000000.0,0.2742935906271537,18681235811.063766,8.0,2.1304800390362217,owners,20240726800067
029780,삼성카드,card,2024Q3,2024-10-25,,미확인,168700000000.0,139500000000.0,29200000000.0,0.20931899641577062,21747052345.416508,8.0,1.3427107056260112,owners,20241025800038
029780,삼성카드,card,2024Q4,2025-02-07,,미확인,133100000000.0,179400000000.0,-46300000000.0,-0.25808249721293197,21975099544.711964,8.0,-2.1069301600111077,owners,20250207800042
029780,삼성카드,card,2025Q1,2025-04-25,,미확인,184400000000.0,177900000000.0,6500000000.0,0.03653738055087127,29102107802.89683,8.0,0.22335151955395438,owners,20250425800054
029780,삼성카드,card,2025Q2,2025-07-25,,미확인,151200000000.0,184900000000.0,-33700000000.0,-0.18226068144943214,27894568723.780518,8.0,-1.208120488748416,owners,20250725800048
029780,삼성카드,card,2025Q3,2025-10-28,,미확인,161700000000.0,168700000000.0,-7000000000.0,-0.04149377593360996,31142526620.13335,8.0,-0.22477302774382366,owners,20251028800079
029780,삼성카드,card,2025Q4,2026-02-05,,미확인,148600000000.0,133100000000.0,15500000000.0,0.11645379413974455,31380723723.785778,8.0,0.49393379631494605,owners,20260205800096
029780,삼성카드,card,2026Q1,2026-04-24,,미확인,156300000000.0,184400000000.0,-28100000000.0,-0.15238611713665945,31468124461.7924,8.0,-0.8929671049864484,owners,20260424800285
029780,삼성카드,card,2026Q2,2026-07-27,,미확인,154200000000.0,151200000000.0,3000000000.0,0.01984126984126984,31086443416.475204,8.0,0.09650508936670635,owners,20260727800185
039490,키움증권,securities,2019Q1,2019-05-08,,미확인,157898000000.0,87712000000.0,70186000000.0,0.8001869755563663,,0.0,,owners,20190508800505
039490,키움증권,securities,2019Q2,2019-08-14,,미확인,55533000000.0,79029000000.0,-23496000000.0,-0.2973085829252553,,1.0,,owners,20190814801381
039490,키움증권,securities,2019Q3,2019-11-14,,미확인,66670000000.0,48239000000.0,18431000000.0,0.38207674288438814,,2.0,,owners,20191114801274
039490,키움증권,securities,2019Q4,2020-02-11,,미확인,82680110000.0,-21753718000.0,104433828000.0,4.800734660622152,,3.0,,owners_annual_minus_q3,20200211800592
039490,키움증권,securities,2020Q1,2020-05-15,,미확인,9447000000.0,157898000000.0,-148451000000.0,-0.9401702364817793,56382777746.41883,4.0,-2.632913913316889,owners,20200515801517
039490,키움증권,securities,2020Q2,2020-08-04,,미확인,219897000000.0,55533000000.0,164364000000.0,2.9597536599859544,98327117182.24387,5.0,1.6716039756902505,owners,20200804800306
039490,키움증권,securities,2020Q3,2020-11-12,,미확인,263416000000.0,66670000000.0,196746000000.0,2.9510424478776063,109585066650.12405,6.0,1.795372362442025,owners,20201112800487
039490,키움증권,securities,2020Q4,2021-02-09,,미확인,201121963000.0,82680110000.0,118441853000.0,1.4325313911652997,118051433121.20172,7.0,1.0033072015178117,owners_annual_minus_q3,20210209801311
039490,키움증권,securities,2021Q1,2021-05-12,,미확인,262128000000.0,9447000000.0,252681000000.0,26.74722134010797,111600648931.87576,8.0,2.2641535010629172,owners,20210512800386
039490,키움증권,securities,2021Q2,2021-08-10,,미확인,220778000000.0,219897000000.0,881000000.0,0.004006421188101702,130438657889.9729,8.0,0.006754132664743742,owners,20210810800546
039490,키움증권,securities,2021Q3,2021-11-09,,미확인,232662000000.0,263416000000.0,-30754000000.0,-0.11675069092234337,127789362203.22684,8.0,-0.24066165970130668,owners,20211109800452
039490,키움증권,securities,2021Q4,2022-02-11,,미확인,188146261000.0,210611448000.0,-22465187000.0,-0.10666650466217772,132726623511.05843,8.0,-0.16925908612546195,owners_annual_minus_q3,20220211800921
039490,키움증권,securities,2022Q1,2022-05-10,,미확인,140947000000.0,262128000000.0,-121181000000.0,-0.46229704571812247,137209743382.4678,8.0,-0.883180720353159,owners,20220510800314
039490,키움증권,securities,2022Q2,2022-08-09,,미확인,108475000000.0,220778000000.0,-112303000000.0,-0.508669342054009,131321120762.44011,8.0,-0.8551785070670856,owners,20220809800321
039490,키움증권,securities,2022Q3,2022-11-08,,미확인,123476000000.0,232662000000.0,-109186000000.0,-0.46929021498998547,139073170087.75537,8.0,-0.7850975132809835,owners,20221108800511
039490,키움증권,securities,2022Q4,2023-02-10,,미확인,134287326000.0,188670830000.0,-54383504000.0,-0.2882454272343001,130095842211.74467,8.0,-0.4180264570752778,total_annual_minus_q3,20230210801105
039490,키움증권,securities,2023Q1,2023-05-09,,미확인,291515000000.0,140947000000.0,150568000000.0,1.068259700454781,121089115202.72452,8.0,1.24344785035321,owners,20230509800599
039490,키움증권,securities,2023Q2,2023-08-08,,미확인,133312000000.0,108475000000.0,24837000000.0,0.22896519935469,88750041298.50554,8.0,0.27985339090110634,owners,20230808800430
039490,키움증권,securities,2023Q3,2023-11-06,,미확인,202848000000.0,123476000000.0,79372000000.0,0.6428131782694613,90609056678.20886,8.0,0.8759830739865617,owners,20231106800562
039490,키움증권,securities,2023Q4,2024-02-14,,미확인,-189193992000.0,134287326000.0,-323481318000.0,-2.408874520295385,99193653874.68134,8.0,-3.261109006113212,total_annual_minus_q3,20240214801161
039490,키움증권,securities,2024Q1,2024-05-02,,미확인,245489000000.0,291515000000.0,-46026000000.0,-0.15788552904653277,146036849435.36984,8.0,-0.31516702926660506,owners,20240502800038
039490,키움증권,securities,2024Q2,2024-07-31,,미확인,231699000000.0,133312000000.0,98387000000.0,0.738020583293327,143808335090.76273,8.0,0.684153668408054,owners,20240731800004
039490,키움증권,securities,2024Q3,2024-10-30,,미확인,211743000000.0,202848000000.0,8895000000.0,0.04385056791292002,149694518117.176,8.0,0.05942101362080129,owners,20241030800005
039490,키움증권,securities,2024Q4,2025-02-05,,미확인,146117000000.0,-191394000000.0,337511000000.0,1.7634356353908691,145692857395.69452,8.0,2.3165926321517394,owners,20250205800008
039490,키움증권,securities,2025Q1,2025-04-30,,미확인,235319000000.0,245489000000.0,-10170000000.0,-0.04142751813726888,187617085540.46533,8.0,-0.05420615063230225,owners,20250430800017
039490,키움증권,securities,2025Q2,2025-07-30,,미확인,309721000000.0,231699000000.0,78022000000.0,0.3367386134597042,182783133618.2765,8.0,0.4268555771832909,owners,20250730800012
039490,키움증권,securities,2025Q3,2025-10-30,,미확인,321910000000.0,211743000000.0,110167000000.0,0.5202863849100088,183899549300.71765,8.0,0.599060739511938,owners,20251030800012
039490,키움증권,securities,2025Q4,2026-02-04,,미확인,246636000000.0,146117000000.0,100519000000.0,0.6879350109843482,185448712670.73395,8.0,0.5420312632661544,owners,20260204800020
039490,키움증권,securities,2026Q1,2026-04-30,,미확인,476363000000.0,235319000000.0,241044000000.0,1.0243286772423816,117643609107.5044,8.0,2.048934080046206,owners,20260430800012
039490,키움증권,securities,2026Q2,2026-07-30,,미확인,680072000000.0,309721000000.0,370351000000.0,1.1957568263049647,115853549120.60005,8.0,3.196716913820877,owners,20260730800016
055550,신한지주,bank,2019Q1,2019-04-25,16:00,장후,918359000000.0,857549000000.0,60810000000.0,0.0709113998150543,,0.0,,owners,20190425800458
055550,신한지주,bank,2019Q2,2019-07-25,,미확인,996052000000.0,938017000000.0,58035000000.0,0.061869880823055445,,1.0,,owners,20190725800362
055550,신한지주,bank,2019Q3,2019-10-25,16:00,장후,981572000000.0,847831000000.0,133741000000.0,0.15774488076043458,,2.0,,owners,20191025800277
055550,신한지주,bank,2019Q4,2020-02-05,16:00,장후,507514000000.0,513325000000.0,-5811000000.0,-0.011320313641455219,,3.0,,owners,20200205800438
055550,신한지주,bank,2020Q1,2020-04-24,16:00,장후,932400000000.0,918359000000.0,14041000000.0,0.015289227850982023,57043448267.52674,4.0,0.24614570869119695,owners,20200424800444
055550,신한지주,bank,2020Q2,2020-07-24,16:00,장후,873110000000.0,996052000000.0,-122942000000.0,-0.12342929887194644,53801702196.120155,5.0,-2.2850949873639093,owners,20200724800329
055550,신한지주,bank,2020Q3,2020-10-27,16:00,장후,1144692000000.0,981572000000.0,163120000000.0,0.1661824094411821,86174263589.54279,6.0,1.8929085460707615,owners,20201027800312
055550,신한지주,bank,2020Q4,2021-02-05,16:00,장후,464393000000.0,507514000000.0,-43121000000.0,-0.08496514381869269,94836592416.33926,7.0,-0.45468736171683394,owners,20210205800591
055550,신한지주,bank,2021Q1,2021-04-23,10:30,장중,1191938000000.0,932400000000.0,259538000000.0,0.27835478335478336,92931210885.77524,8.0,2.792796925018082,owners,20210423800100
055550,신한지주,bank,2021Q2,2021-07-27,10:30,장중,1251841000000.0,873110000000.0,378731000000.0,0.43377237690554454,123269355713.92024,8.0,3.0723856534055987,owners,20210727800088
055550,신한지주,bank,2021Q3,2021-10-26,14:00,장중,1115665000000.0,1144692000000.0,-29027000000.0,-0.025357912870885794,167746909027.03693,8.0,-0.1730404462792308,owners,20211026800154
055550,신한지주,bank,2021Q4,2022-02-09,15:00,장중,459810000000.0,464393000000.0,-4583000000.0,-0.009868796471953711,172480716048.77002,8.0,-0.02657108635091779,owners,20220209800385
055550,신한지주,bank,2022Q1,2022-04-22,14:00,장중,1400384000000.0,1191938000000.0,208446000000.0,0.17487990147138527,172397202963.66882,8.0,1.2091031433029,owners,20220422800246
055550,신한지주,bank,2022Q2,2022-07-22,10:30,장중,1320429000000.0,1251841000000.0,68588000000.0,0.0547897057214135,175925077991.21274,8.0,0.3898705106922044,owners,20220722800072
055550,신한지주,bank,2022Q3,2022-10-25,10:30,장중,1594559000000.0,1115665000000.0,478894000000.0,0.42924533798227965,152530540392.03333,8.0,3.139659761049484,owners,20221025800108
055550,신한지주,bank,2022Q4,2023-02-08,14:00,장중,326920000000.0,459810000000.0,-132890000000.0,-0.2890106783236554,197863251592.57266,8.0,-0.6716254733023319,owners,20230208800261
055550,신한지주,bank,2023Q1,2023-04-27,14:00,장중,1387958000000.0,1384818000000.0,3140000000.0,0.0022674459748501245,213276811392.03473,8.0,0.01472265071624786,owners,20230427800232
055550,신한지주,bank,2023Q2,2023-07-27,14:00,장중,1238265000000.0,1297542000000.0,-59277000000.0,-0.045684070342231695,214321569526.41946,8.0,-0.2765797214483954,owners,20230727800227
055550,신한지주,bank,2023Q3,2023-10-27,14:00,장중,1192065000000.0,1624413000000.0,-432348000000.0,-0.26615645159205203,194198185076.06934,8.0,-2.2263235870646527,owners,20231027800202
055550,신한지주,bank,2023Q4,2024-02-08,14:00,장중,549747000000.0,358870000000.0,190877000000.0,0.5318834118204364,262817470120.96762,8.0,0.7262721154424955,owners,20240208800396
055550,신한지주,bank,2024Q1,2024-04-26,14:00,장중,1321532000000.0,1387958000000.0,-66426000000.0,-0.047858796880020864,269602252784.5418,8.0,-0.24638518155516195,owners,20240426800240
055550,신한지주,bank,2024Q2,2024-07-26,14:00,장중,1425479000000.0,1238265000000.0,187214000000.0,0.15119057713817316,262591174151.95047,8.0,0.712948561978961,owners,20240726800253
055550,신한지주,bank,2024Q3,2024-10-25,14:00,장중,1238602000000.0,1192065000000.0,46537000000.0,0.03903897857918821,269858495177.96225,8.0,0.17244963872384478,owners,20241025800148
055550,신한지주,bank,2024Q4,2025-02-06,14:00,장중,473445000000.0,549747000000.0,-76302000000.0,-0.138794754678061,199109403097.13254,8.0,-0.3832164569484306,owners,20250206800249
055550,신한지주,bank,2025Q1,2025-04-25,14:00,장중,1488346000000.0,1321532000000.0,166814000000.0,0.12622774174215987,196030958607.80872,8.0,0.8509574262386692,owners,20250425800245
055550,신한지주,bank,2025Q2,2025-07-25,14:00,장중,1549053000000.0,1425479000000.0,123574000000.0,0.08668945666684673,207680561427.15045,8.0,0.5950195779076171,owners,20250725800246
055550,신한지주,bank,2025Q3,2025-10-28,14:00,장중,1423544000000.0,1297068000000.0,126476000000.0,0.09750915140917824,210935856431.69208,8.0,0.5995945978058835,owners,20251028800230
055550,신한지주,bank,2025Q4,2026-02-05,14:00,장중,510618000000.0,406098000000.0,104520000000.0,0.2573762983319297,108194892710.19872,8.0,0.966034508486071,owners,20260205800296
055550,신한지주,bank,2026Q1,2026-04-23,14:00,장중,1622594000000.0,1488346000000.0,134248000000.0,0.09019945630921843,100418370677.64821,8.0,1.3368868573953254,owners,20260423800296
055550,신한지주,bank,2026Q2,2026-07-23,14:00,장중,1820135000000.0,1549053000000.0,271082000000.0,0.1749985313607733,83186330308.07999,8.0,3.2587325224715373,owners,20260723800269
071050,한국금융지주,securities,2019Q4,2020-02-06,,미확인,,,,,,0.0,,,20200206800602
071050,한국금융지주,securities,2020Q4,2021-02-10,,미확인,,,,,,0.0,,,20210210801063
071050,한국금융지주,securities,2021Q2,2021-08-02,17:00,장후,302002000000.0,385491000000.0,-83489000000.0,-0.2165783377562641,,0.0,,owners,20210802800301
071050,한국금융지주,securities,2021Q3,2021-11-02,16:00,장후,752348000000.0,248589000000.0,503759000000.0,2.0264734159596762,,1.0,,owners,20211102800297
071050,한국금융지주,securities,2021Q4,2022-02-10,,미확인,304787896000.0,342775772000.0,-37987876000.0,-0.1108242737762691,,2.0,,owners_annual_minus_q3,20220210800703
071050,한국금융지주,securities,2022Q1,2022-05-04,16:00,장후,306833000000.0,401790000000.0,-94957000000.0,-0.23633490131660817,,3.0,,owners,20220504800335
071050,한국금융지주,securities,2022Q2,2022-08-02,,미확인,99498000000.0,302576000000.0,-203078000000.0,-0.671163608481836,289000877768.90204,4.0,-0.7026899072686907,owners,20220802800320
071050,한국금융지주,securities,2022Q3,2022-11-09,16:00,장후,165626000000.0,752430000000.0,-586804000000.0,-0.7798785269061573,278847903110.9689,5.0,-2.1043873504276576,owners,20221109800389
071050,한국금융지주,securities,2022Q4,2023-02-09,,미확인,98463883000.0,307607138000.0,-209143255000.0,-0.6799037771353668,350624916400.6588,6.0,-0.5964871440026589,owners_annual_minus_q3,20230209800545
071050,한국금융지주,securities,2023Q1,2023-05-04,16:00,장후,301189000000.0,306832000000.0,-5643000000.0,-0.018391171716118267,323564620293.42865,7.0,-0.017440102057148816,owners,20230504800453
071050,한국금융지주,securities,2023Q2,2023-08-04,16:00,장후,219796000000.0,98938000000.0,120858000000.0,1.2215528917099598,301480433121.4965,8.0,0.4008817379909172,owners,20230804800287
071050,한국금융지주,securities,2023Q3,2023-11-09,16:00,장후,212201000000.0,165626000000.0,46575000000.0,0.2812058493231739,310597677545.21405,8.0,0.1499528276196464,owners,20231109800389
071050,한국금융지주,securities,2023Q4,2024-02-15,,미확인,-24265719000.0,68411462000.0,-92677181000.0,-1.3547025350810367,220042841477.54672,8.0,-0.4211778959846636,owners_annual_minus_q3,20240215800643
071050,한국금융지주,securities,2024Q1,2024-05-07,16:00,장후,340429000000.0,301189000000.0,39240000000.0,0.13028364249690394,217925105572.4132,8.0,0.1800618606880112,owners,20240507800412
071050,한국금융지주,securities,2024Q2,2024-08-05,16:00,장후,280025000000.0,219796000000.0,60229000000.0,0.2740222752006406,225861811037.77026,8.0,0.26666305261285655,owners,20240805800609
071050,한국금융지주,securities,2024Q3,2024-11-06,16:00,장후,312679000000.0,212201000000.0,100478000000.0,0.47350389489210704,229734477759.23782,8.0,0.4373657841001173,owners,20241106800270
071050,한국금융지주,securities,2024Q4,2025-02-13,,미확인,105498633000.0,-25123585000.0,130622218000.0,5.199187058694052,109513261051.47928,8.0,1.1927525191547164,owners_annual_minus_q3,20250213801128
071050,한국금융지주,securities,2025Q1,2025-05-14,16:00,장후,458446000000.0,340918000000.0,117528000000.0,0.3447397908001338,73439845295.1099,8.0,1.6003301685580456,owners,20250514800816
071050,한국금융지주,securities,2025Q2,2025-08-06,,미확인,539032000000.0,280025000000.0,259007000000.0,0.9249424158557271,73027555977.0136,8.0,3.5467022897702605,owners,20250806800292
071050,한국금융지주,securities,2025Q3,2025-11-11,,미확인,673758000000.0,312669000000.0,361089000000.0,1.1548602515759476,99545817219.70882,8.0,3.6273648666024405,owners,20251111800404
071050,한국금융지주,securities,2025Q4,2026-02-11,,미확인,352993893000.0,112256642000.0,240737251000.0,2.1445256753716184,137966425877.98734,8.0,1.744897350699652,owners_annual_minus_q3,20260211800645
071050,한국금융지주,securities,2026Q1,2026-05-14,,미확인,914897000000.0,458446000000.0,456451000000.0,0.995648342443821,111739542526.81076,8.0,4.084954973665471,owners,20260514801026
071050,한국금융지주,securities,2026Q2,2026-08-06,,미확인,995916000000.0,539154000000.0,456762000000.0,0.8471828086223974,139347787187.8703,8.0,3.2778561412258966,owners,20260806800245
086790,하나금융지주,bank,2019Q1,2019-04-19,16:00,장후,556045000000.0,668573000000.0,-112528000000.0,-0.168310715509002,,0.0,,owners,20190419800532
086790,하나금융지주,bank,2019Q2,2019-07-26,16:00,장후,658445000000.0,634086000000.0,24359000000.0,0.03841592465375359,,1.0,,owners,20190726800327
086790,하나금융지주,bank,2019Q3,2019-10-25,16:00,장후,835953000000.0,589437000000.0,246516000000.0,0.41822281261610655,,2.0,,owners,20191025800238
086790,하나금융지주,bank,2019Q4,2020-02-04,16:00,장후,367241000000.0,341229000000.0,26012000000.0,0.07623033212300244,,3.0,,owners,20200204800327
086790,하나금융지주,bank,2020Q1,2020-04-24,16:00,장후,656993000000.0,546049000000.0,110944000000.0,0.20317590545903388,148554831453.74304,4.0,0.7468218900342243,owners,20200424800413
086790,하나금융지주,bank,2020Q2,2020-07-23,16:00,장후,687573000000.0,658401000000.0,29172000000.0,0.04430734461217404,131881076010.92737,5.0,0.22119928713337822,owners,20200723800264
086790,하나금융지주,bank,2020Q3,2020-10-23,16:00,장후,760112000000.0,836673000000.0,-76561000000.0,-0.0915064786362175,118587447211.61119,6.0,-0.645607961046519,owners,20201023800320
086790,하나금융지주,bank,2020Q4,2021-02-05,16:00,장후,532806000000.0,350461000000.0,182345000000.0,0.5203004043245896,118984343822.64233,7.0,1.532512548640877,owners,20210205800540
086790,하나금융지주,bank,2021Q1,2021-04-23,16:00,장후,834425000000.0,656993000000.0,177432000000.0,0.27006680436473446,121792086093.98642,8.0,1.4568434262886054,owners,20210423800351
086790,하나금융지주,bank,2021Q2,2021-07-22,16:00,장후,917496000000.0,689031000000.0,228465000000.0,0.33157434135764574,107539809489.90472,8.0,2.1244690787874894,owners,20210722800251
086790,하나금융지주,bank,2021Q3,2021-10-22,16:00,장후,928718000000.0,758412000000.0,170306000000.0,0.2245560460541236,113765992603.78737,8.0,1.4969851367897296,owners,20211022800287
086790,하나금융지주,bank,2021Q4,2022-02-10,16:00,장후,844472000000.0,532806000000.0,311666000000.0,0.5849521214100442,104003852567.29333,8.0,2.9966774528697733,owners,20220210800637
086790,하나금융지주,bank,2022Q1,2022-04-22,16:00,장후,902220000000.0,835657000000.0,66563000000.0,0.0796534941967817,120362573879.84915,8.0,0.5530207426973597,owners,20220422800440
086790,하나금융지주,bank,2022Q2,2022-07-22,16:00,장후,825074000000.0,917140000000.0,-92066000000.0,-0.10038380181869726,122978132505.62651,8.0,-0.7486371611293396,owners,20220722800256
086790,하나금융지주,bank,2022Q3,2022-10-25,14:00,장중,1121862000000.0,928799000000.0,193063000000.0,0.20786305756143147,143761689859.84113,8.0,1.3429377477979332,owners,20221025800182
086790,하나금융지주,bank,2022Q4,2023-02-09,16:00,장후,776317000000.0,844472000000.0,-68155000000.0,-0.0807072348165481,120556710410.79144,8.0,-0.5653355982239808,owners,20230209800496
086790,하나금융지주,bank,2023Q1,2023-04-27,15:00,장중,1102175000000.0,902365000000.0,199810000000.0,0.22142924426368488,142830900756.0539,8.0,1.3989269754817466,owners,20230427800329
086790,하나금융지주,bank,2023Q2,2023-07-27,15:00,장중,918701000000.0,821332000000.0,97369000000.0,0.11855011128264818,144252102583.33942,8.0,0.674991894442208,owners,20230727800323
086790,하나금융지주,bank,2023Q3,2023-10-27,15:00,장중,957041000000.0,1125276000000.0,-168235000000.0,-0.14950554352887646,138299475326.96674,8.0,-1.2164543618279093,owners,20231027800313
086790,하나금융지주,bank,2023Q4,2024-01-31,15:00,장중,473698000000.0,712807000000.0,-239109000000.0,-0.3354470424673158,166139636335.94266,8.0,-1.4392050282119893,owners,20240131800352
086790,하나금융지주,bank,2024Q1,2024-04-26,15:00,장중,1034030000000.0,1102175000000.0,-68145000000.0,-0.06182774967677546,164617141307.59808,8.0,-0.41396053569334273,owners,20240426800390
086790,하나금융지주,bank,2024Q2,2024-07-26,15:00,장중,1034691000000.0,918701000000.0,115990000000.0,0.12625435261309176,163564790729.1961,8.0,0.7091379476163505,owners,20240726800366
086790,하나금융지주,bank,2024Q3,2024-10-29,15:00,장중,1156607000000.0,957041000000.0,199566000000.0,0.2085239817311902,166650651393.00922,8.0,1.1975110708050407,owners,20241029800223
086790,하나금융지주,bank,2024Q4,2025-02-04,15:00,장중,513495000000.0,443795000000.0,69700000000.0,0.15705449588210774,167695857810.61884,8.0,0.415633402696882,owners,20250204800509
086790,하나금융지주,bank,2025Q1,2025-04-25,15:00,장중,1127742000000.0,1034030000000.0,93712000000.0,0.09062793149134939,165749232268.63785,8.0,0.5653842175758401,owners,20250425800410
086790,하나금융지주,bank,2025Q2,2025-07-25,15:00,장중,1173286000000.0,1034717000000.0,138569000000.0,0.1339197094471242,153645975171.1242,8.0,0.9018719809983169,owners,20250725800355
086790,하나금융지주,bank,2025Q3,2025-10-28,15:00,장중,1132412000000.0,1156607000000.0,-24195000000.0,-0.020918946539317158,157534273370.22797,8.0,-0.15358562605064555,owners,20251028800341
086790,하나금융지주,bank,2025Q4,2026-01-30,15:00,장중,569442000000.0,513495000000.0,55947000000.0,0.10895334910758625,140556610417.2977,8.0,0.39803890997299435,owners,20260130800520
086790,하나금융지주,bank,2026Q1,2026-04-24,15:00,장중,1210045000000.0,1127742000000.0,82303000000.0,0.07298034479517479,86408355604.56934,8.0,0.9524889048536385,owners,20260424800377
086790,하나금융지주,bank,2026Q2,2026-07-24,15:00,장중,1192823000000.0,1173286000000.0,19537000000.0,0.0166515240103436,65145504171.157364,8.0,0.29989790160607654,owners,20260724800401
105560,KB금융,bank,2019Q1,2019-04-24,16:00,장후,845652000000.0,968232000000.0,-122580000000.0,-0.1266018888035099,,0.0,,owners,20190424800365
105560,KB금융,bank,2019Q2,2019-07-18,16:00,장후,991192000000.0,946751000000.0,44441000000.0,0.0469405366352927,,1.0,,owners,20190718800344
105560,KB금융,bank,2019Q3,2019-10-24,16:00,장후,940284000000.0,953769000000.0,-13485000000.0,-0.014138643633835865,,2.0,,owners,20191024800273
105560,KB금융,bank,2019Q4,2020-02-06,16:00,장후,534699000000.0,192439000000.0,342260000000.0,1.778537614516808,,3.0,,owners,20200206800480
105560,KB금융,bank,2020Q1,2020-04-23,16:00,장후,729454000000.0,845652000000.0,-116198000000.0,-0.1374064035797231,198846683470.79196,4.0,-0.5843597588443963,owners,20200423800333
105560,KB금융,bank,2020Q2,2020-07-21,16:00,장후,981849000000.0,991192000000.0,-9343000000.0,-0.009426024423118831,189876191070.12866,5.0,-0.04920574795261859,owners,20200721800237
105560,KB금융,bank,2020Q3,2020-10-22,16:00,장후,1166573000000.0,940284000000.0,226289000000.0,0.24066026859969966,170473312899.6051,6.0,1.3274159817218183,owners,20201022800232
105560,KB금융,bank,2020Q4,2021-02-04,16:00,장후,577228000000.0,534700000000.0,42528000000.0,0.07953618851692539,173916606665.10477,7.0,0.24453098996976327,owners,20210204800498
105560,KB금융,bank,2021Q1,2021-04-22,16:00,장후,1270078000000.0,729454000000.0,540624000000.0,0.7411351504001623,161038321923.69617,8.0,3.3571139685382505,owners,20210422800304
105560,KB금융,bank,2021Q2,2021-07-22,16:00,장후,1204276000000.0,981886000000.0,222390000000.0,0.22649268856058646,219899618059.1759,8.0,1.0113250853403206,owners,20210722800266
105560,KB금융,bank,2021Q3,2021-10-21,16:00,장후,1297908000000.0,1166583000000.0,131325000000.0,0.1125723587605854,218758441202.31766,8.0,0.6003196917944059,owners,20211021800235
105560,KB금융,bank,2021Q4,2022-02-08,16:00,장후,637144000000.0,577228000000.0,59916000000.0,0.10379953848392663,208641016685.82916,8.0,0.2871726803853783,owners,20220208800586
105560,KB금융,bank,2022Q1,2022-04-22,16:00,장후,1453157000000.0,1270015000000.0,183142000000.0,0.14420459600870855,199499597679.46368,8.0,0.9180068638246306,owners,20220422800470
105560,KB금융,bank,2022Q2,2022-07-21,16:00,장후,1303506000000.0,1204276000000.0,99230000000.0,0.08239805493092946,171258099472.64438,8.0,0.5794178512173104,owners,20220721800270
105560,KB금융,bank,2022Q3,2022-10-25,16:00,장후,1271339000000.0,1298124000000.0,-26785000000.0,-0.02063362205767708,158418761011.98193,8.0,-0.1690771965952576,owners,20221025800316
105560,KB금융,bank,2022Q4,2023-02-07,16:00,장후,385392000000.0,637128000000.0,-251736000000.0,-0.39511055863186045,174203341413.5414,8.0,-1.445069870401646,owners,20230207800436
105560,KB금융,bank,2023Q1,2023-04-27,16:00,장후,1497631000000.0,1460572000000.0,37059000000.0,0.02537293608257587,225292809706.2957,8.0,0.1644925998673113,owners,20230427800427
105560,KB금융,bank,2023Q2,2023-07-25,16:00,장후,1499074000000.0,1209951000000.0,289123000000.0,0.23895430476110188,147994671314.2427,8.0,1.9536041225842122,owners,20230725800233
105560,KB금융,bank,2023Q3,2023-10-24,16:00,장후,1373755000000.0,1367760000000.0,5995000000.0,0.004383078902731473,160049935685.9335,8.0,0.037457059725184816,owners,20231024800240
105560,KB금융,bank,2023Q4,2024-02-07,16:00,장후,261490000000.0,114709000000.0,146781000000.0,1.2795944520482263,158776988384.87726,8.0,0.9244475631708113,owners,20240207800510
105560,KB금융,bank,2024Q1,2024-04-25,16:00,장후,1049133000000.0,1508708000000.0,-459575000000.0,-0.304614942056382,162517712999.8341,8.0,-2.8278456022850205,owners,20240425800392
105560,KB금융,bank,2024Q2,2024-07-23,16:00,장후,1732225000000.0,1498916000000.0,233309000000.0,0.15565181771360104,235582555437.12427,8.0,0.9903492199033767,owners,20240723800279
105560,KB금융,bank,2024Q3,2024-10-24,16:00,장후,1613946000000.0,1368890000000.0,245056000000.0,0.179018036511334,249626408993.19788,8.0,0.9816910037217961,owners,20241024800264
105560,KB금융,bank,2024Q4,2025-02-05,16:00,장후,682932000000.0,218322000000.0,464610000000.0,2.1280951988347487,264047227787.54132,8.0,1.7595715883593228,owners,20250205800475
105560,KB금융,bank,2025Q1,2025-04-24,16:00,장후,1697267000000.0,1041982000000.0,655285000000.0,0.6288832244702883,275768181868.5242,8.0,2.3762168483687325,owners,20250424800422
105560,KB금융,bank,2025Q2,2025-07-24,16:00,장후,1738422000000.0,1732449000000.0,5973000000.0,0.0034477205389595884,330334805278.78296,8.0,0.018081655049818752,owners,20250724800303
105560,KB금융,bank,2025Q3,2025-10-30,16:00,장후,1686040000000.0,1619718000000.0,66322000000.0,0.04094663392022562,334269994003.4574,8.0,0.1984084757524303,owners,20251030800460
105560,KB금융,bank,2025Q4,2026-02-05,16:00,장후,721241000000.0,684072000000.0,37169000000.0,0.054334923809189674,330906800927.57996,8.0,0.11232467841642989,owners,20260205800646
105560,KB금융,bank,2026Q1,2026-04-23,16:00,장후,1892401000000.0,1697271000000.0,195130000000.0,0.1149669086433457,334244761635.60034,8.0,0.5837937415837028,owners,20260423800481
105560,KB금융,bank,2026Q2,2026-07-23,16:00,장후,1992189000000.0,1738422000000.0,253767000000.0,0.14597548811508368,223935986915.7447,8.0,1.133212233974163,owners,20260723800451
138040,메리츠금융지주,securities,2019Q4,2020-01-30,,미확인,,,,,,0.0,,,20200130800660
138040,메리츠금융지주,securities,2020Q4,2021-02-08,,미확인,,,,,,0.0,,,20210208800957
138040,메리츠금융지주,securities,2021Q4,2022-02-07,,미확인,,,,,,0.0,,,20220207801124
138040,메리츠금융지주,securities,2022Q4,2023-02-02,,미확인,,,,,,0.0,,,20230202800290
138040,메리츠금융지주,securities,2023Q1,2023-05-12,,미확인,536902000000.0,409040000000.0,127862000000.0,0.3125904557011539,,0.0,,owners,20230512800666
138040,메리츠금융지주,securities,2023Q2,2023-08-14,,미확인,588845000000.0,315890000000.0,272955000000.0,0.8640824337585868,,1.0,,owners,20230814801096
138040,메리츠금융지주,securities,2023Q3,2023-11-13,,미확인,593402000000.0,412944000000.0,180458000000.0,0.437003564647991,,2.0,,owners,20231113800500
138040,메리츠금융지주,securities,2023Q4,2024-02-07,,미확인,333604992000.0,-106983169000.0,440588161000.0,4.118294168309784,,3.0,,total_annual_minus_q3,20240207800778
138040,메리츠금융지주,securities,2024Q1,2024-05-14,,미확인,585769000000.0,528741000000.0,57028000000.0,0.10785620937283093,137216447622.15878,4.0,0.41560615354970515,owners,20240514800771
138040,메리츠금융지주,securities,2024Q2,2024-08-14,,미확인,730148000000.0,573991000000.0,156157000000.0,0.27205478831549623,148313102736.72412,5.0,1.052887419375211,owners,20240814801523
138040,메리츠금융지주,securities,2024Q3,2024-11-13,,미확인,649930000000.0,577167000000.0,72763000000.0,0.1260692312623556,134869825051.99716,6.0,0.5395054080625318,owners,20241113800482
138040,메리츠금융지주,securities,2024Q4,2025-02-06,,미확인,349939638000.0,364922583000.0,-14982945000.0,-0.04105787281462929,132997004934.26494,7.0,-0.11265625874361206,total_annual_minus_q3,20250206801008
138040,메리츠금융지주,securities,2025Q1,2025-05-14,,미확인,609834000000.0,585769000000.0,24065000000.0,0.041082747636013515,142310869567.05386,8.0,0.16910162992617428,owners,20250514800603
138040,메리츠금융지주,securities,2025Q2,2025-08-13,,미확인,725116000000.0,730148000000.0,-5032000000.0,-0.006891753452724653,150332162604.0293,8.0,-0.03347254448307344,owners,20250813800611
138040,메리츠금융지주,securities,2025Q3,2025-11-14,,미확인,654695000000.0,649930000000.0,4765000000.0,0.007331558783253581,149615417192.04758,8.0,0.03184832211431531,owners,20251114801586
138040,메리츠금융지주,securities,2025Q4,2026-02-09,,미확인,323343644000.0,349939638000.0,-26595994000.0,-0.0760016617494472,151331493262.37894,8.0,-0.17574659065768813,total_annual_minus_q3,20260209801098
138040,메리츠금융지주,securities,2026Q1,2026-05-14,,미확인,666969000000.0,609834000000.0,57135000000.0,0.09368943023839274,60357796322.13325,8.0,0.9466051360634012,owners,20260514800837
138040,메리츠금융지주,securities,2026Q2,2026-08-12,,미확인,775065000000.0,725116000000.0,49949000000.0,0.06888415094964116,60363761100.091095,8.0,0.8274666636026532,owners,20260812800531
138930,BNK금융지주,bank,2019Q1,2019-04-30,,미확인,177130000000.0,207253000000.0,-30123000000.0,-0.1453440963460119,,0.0,,owners,20190430800427
138930,BNK금융지주,bank,2019Q2,2019-07-31,,미확인,174107000000.0,150343000000.0,23764000000.0,0.15806522418735824,,1.0,,owners,20190731800342
138930,BNK금융지주,bank,2019Q3,2019-10-31,,미확인,177991000000.0,181752000000.0,-3761000000.0,-0.020693032263744002,,2.0,,owners,20191031800302
138930,BNK금융지주,bank,2019Q4,2020-02-06,,미확인,32996000000.0,-37253000000.0,70249000000.0,1.885727323973908,,3.0,,owners,20200206800548
138930,BNK금융지주,bank,2020Q1,2020-04-28,,미확인,137658000000.0,177130000000.0,-39472000000.0,-0.22284198046632417,42884790570.20099,4.0,-0.9204195584302933,owners,20200428800464
138930,BNK금융지주,bank,2020Q2,2020-07-27,,미확인,173212000000.0,174107000000.0,-895000000.0,-0.005140517038372955,44423772918.33731,5.0,-0.020146870497588027,owners,20200727800256
138930,BNK금융지주,bank,2020Q3,2020-10-29,,미확인,136541000000.0,177991000000.0,-41450000000.0,-0.23287694321623004,39786782517.1459,6.0,-1.0418032667541626,owners,20201029800325
138930,BNK금융지주,bank,2020Q4,2021-02-09,,미확인,71905000000.0,32996000000.0,38909000000.0,1.1792035398230087,40064399482.64246,7.0,0.9711614426382946,owners,20210209800656
138930,BNK금융지주,bank,2021Q1,2021-04-29,,미확인,192723000000.0,137658000000.0,55065000000.0,0.4000130758837118,39955282471.91746,8.0,1.3781657040893753,owners,20210429800375
138930,BNK금융지주,bank,2021Q2,2021-07-29,,미확인,275304000000.0,173212000000.0,102092000000.0,0.589404891116089,41448507164.01014,8.0,2.463104391094857,owners,20210729800325
138930,BNK금융지주,bank,2021Q3,2021-10-28,,미확인,275356000000.0,136541000000.0,138815000000.0,1.0166543382573732,52251613105.48221,8.0,2.6566643927292573,owners,20211028800458
138930,BNK금융지주,bank,2021Q4,2022-02-10,,미확인,47626000000.0,71905000000.0,-24279000000.0,-0.3376538488283151,64789656922.420876,8.0,-0.37473573951891226,owners,20220210800659
138930,BNK금융지주,bank,2022Q1,2022-04-28,,미확인,276317000000.0,192723000000.0,83594000000.0,0.4337520690317191,67148061685.53937,8.0,1.2449205219277735,owners,20220428800399
138930,BNK금융지주,bank,2022Q2,2022-07-28,,미확인,228775000000.0,275304000000.0,-46529000000.0,-0.16900953128178306,63313149866.217705,8.0,-0.7349026244676968,owners,20220728800333
138930,BNK금융지주,bank,2022Q3,2022-10-27,,미확인,258098000000.0,275356000000.0,-17258000000.0,-0.06267522770522524,69670464972.99678,8.0,-0.24770898266128896,owners,20221027800464
138930,BNK금융지주,bank,2022Q4,2023-02-02,,미확인,46962000000.0,47626000000.0,-664000000.0,-0.013941964473186914,66151768000.209724,8.0,-0.010037524620625331,owners,20230202800283
138930,BNK금융지주,bank,2023Q1,2023-04-27,,미확인,256754000000.0,276317000000.0,-19563000000.0,-0.07079911840386223,67814865131.895256,8.0,-0.28847657459690157,owners,20230427800400
138930,BNK금융지주,bank,2023Q2,2023-07-26,,미확인,203415000000.0,228775000000.0,-25360000000.0,-0.11085127308490875,69971941548.02338,8.0,-0.36243098932155315,owners,20230726800599
138930,BNK금융지주,bank,2023Q3,2023-10-31,,미확인,204310000000.0,245102000000.0,-40792000000.0,-0.1664286705126845,64753814371.92936,8.0,-0.629955167825345,owners,20231031800351
138930,BNK금융지주,bank,2023Q4,2024-02-05,,미확인,12411756000.0,94660380000.0,-82248624000.0,-0.8688811940116868,40880913789.54068,8.0,-2.01190766976063,owners_annual_minus_q3,20240205801164
138930,BNK금융지주,bank,2024Q1,2024-04-30,,미확인,249523000000.0,256754000000.0,-7231000000.0,-0.028163144488498718,48013987327.987045,8.0,-0.1506019475242602,owners,20240430800500
138930,BNK금융지주,bank,2024Q2,2024-07-31,,미확인,242790000000.0,203457000000.0,39333000000.0,0.19332340494551675,26162747526.915073,8.0,1.5033971473957755,owners,20240731800207
138930,BNK금융지주,bank,2024Q3,2024-10-30,,미확인,212791000000.0,204313000000.0,8478000000.0,0.04149515694057647,34633056703.8646,8.0,0.24479502552987087,owners,20241030800177
138930,BNK금융지주,bank,2024Q4,2025-02-06,,미확인,118978923000.0,14379864000.0,104599059000.0,7.273995011357548,36009580791.362625,8.0,2.9047563648696926,owners_annual_minus_q3,20250206800511
138930,BNK금융지주,bank,2025Q1,2025-04-25,,미확인,166576000000.0,249523000000.0,-82947000000.0,-0.33242226167527644,56063718609.52876,8.0,-1.4795129908828786,owners,20250425800478
138930,BNK금융지주,bank,2025Q2,2025-07-31,,미확인,309194000000.0,242790000000.0,66404000000.0,0.27350385106470615,62833387395.67973,8.0,1.0568266769040335,owners,20250731800372
138930,BNK금융지주,bank,2025Q3,2025-10-30,,미확인,294230000000.0,212791000000.0,81439000000.0,0.38271825406149695,67956727518.29858,8.0,1.1983949635901916,owners,20251030800663
138930,BNK금융지주,bank,2025Q4,2026-02-06,,미확인,45002000000.0,23444000000.0,21558000000.0,0.9195529773076266,70969415030.07547,8.0,0.30376465680130144,owners,20260206801345
138930,BNK금융지주,bank,2026Q1,2026-04-30,,미확인,211388000000.0,166576000000.0,44812000000.0,0.26901834598021324,58909411975.35332,8.0,0.7606933849339486,owners,20260430800567
138930,BNK금융지주,bank,2026Q2,2026-07-28,,미확인,200386000000.0,309194000000.0,-108808000000.0,-0.3519085105144343,57191134008.77054,8.0,-1.9025326545074934,owners,20260728800461
139130,iM금융지주,bank,2019Q1,2019-05-02,,미확인,103799000000.0,91755000000.0,12044000000.0,0.13126260149310665,,0.0,,owners,20190502800385
139130,iM금융지주,bank,2019Q2,2019-08-01,,미확인,97754000000.0,106430000000.0,-8676000000.0,-0.08151836888095462,,1.0,,owners,20190801800306
139130,iM금융지주,bank,2019Q3,2019-10-31,,미확인,70556000000.0,80443000000.0,-9887000000.0,-0.12290690302450182,,2.0,,owners,20191031800306
139130,iM금융지주,bank,2019Q4,2020-02-06,,미확인,63278678000.0,112833662000.0,-49554984000.0,-0.43918617123319104,,3.0,,total_annual_minus_q3,20200206800506
139130,iM금융지주,bank,2020Q1,2020-05-07,,미확인,88201000000.0,103799000000.0,-15598000000.0,-0.1502711972176996,25740416985.95286,4.0,-0.6059730892670537,owners,20200507800337
139130,iM금융지주,bank,2020Q2,2020-07-30,,미확인,96911000000.0,97755000000.0,-844000000.0,-0.00863382947163828,22303043884.977924,5.0,-0.037842368259359924,owners,20200730800300
139130,iM금융지주,bank,2020Q3,2020-10-29,,미확인,91183000000.0,70556000000.0,20627000000.0,0.2923493395317195,20694743636.93454,6.0,0.9967265293002405,owners,20201029800356
139130,iM금융지주,bank,2020Q4,2021-02-08,,미확인,66841705000.0,43187020000.0,23654685000.0,0.5477267243722767,22578105526.06089,7.0,1.0476824538133398,total_annual_minus_q3,20210208800853
139130,iM금융지주,bank,2021Q1,2021-04-29,,미확인,123517000000.0,88201000000.0,35316000000.0,0.4004036235416832,23613435511.791664,8.0,1.4955892369987633,owners,20210429800393
139130,iM금융지주,bank,2021Q2,2021-07-29,,미확인,155294000000.0,102756000000.0,52538000000.0,0.511288878508311,26997066455.10319,8.0,1.9460632912606275,owners,20210729800337
139130,iM금융지주,bank,2021Q3,2021-10-28,,미확인,138650000000.0,93022000000.0,45628000000.0,0.49050762185289504,32501441652.674217,8.0,1.4038761876350716,owners,20211028800470
139130,iM금융지주,bank,2021Q4,2022-02-10,,미확인,136329495000.0,102724226000.0,33605269000.0,0.3271406396384043,34252476204.828827,8.0,0.981104805358931,owners_annual_minus_q3,20220210800650
139130,iM금융지주,bank,2022Q1,2022-04-28,,미확인,162241000000.0,123517000000.0,38724000000.0,0.3135115004412348,22984940117.846172,8.0,1.6847553137601419,owners,20220428800402
139130,iM금융지주,bank,2022Q2,2022-07-28,,미확인,123241000000.0,184311000000.0,-61070000000.0,-0.331342133676232,16640473114.195404,8.0,-3.6699677696004525,owners,20220728800324
139130,iM금융지주,bank,2022Q3,2022-10-27,,미확인,108816000000.0,144744000000.0,-35928000000.0,-0.2482175426960703,35790243031.24849,8.0,-1.0038490090338654,owners,20221027800471
139130,iM금융지주,bank,2022Q4,2023-02-09,,미확인,46796551000.0,101217495000.0,-54420944000.0,-0.5376634148078847,41584128696.95312,8.0,-1.3086950648069593,owners_annual_minus_q3,20230209800621
139130,iM금융지주,bank,2023Q1,2023-04-27,,미확인,167999000000.0,169954000000.0,-1955000000.0,-0.011503112606940702,48300292171.62488,8.0,-0.040475945633068236,owners,20230427800457
139130,iM금융지주,bank,2023Q2,2023-07-28,,미확인,141755000000.0,123920000000.0,17835000000.0,0.14392349903163332,46934913736.5383,8.0,0.37999430658622163,owners,20230728800402
139130,iM금융지주,bank,2023Q3,2023-10-30,,미확인,114967000000.0,121756000000.0,-6789000000.0,-0.05575905910181018,43054868203.98527,8.0,-0.15768251729014915,owners,20231030800338
139130,iM금융지주,bank,2023Q4,2024-02-07,,미확인,-12539562000.0,29768524000.0,-42308086000.0,-1.421235597707162,38482631460.16848,8.0,-1.0994073012858039,owners_annual_minus_q3,20240207800785
139130,iM금융지주,bank,2024Q1,2024-05-02,,미확인,111716000000.0,167999000000.0,-56283000000.0,-0.33501985130863876,35813479616.10947,8.0,-1.5715591057698572,owners,20240502800348
139130,iM금융지주,bank,2024Q2,2024-07-29,,미확인,38249000000.0,141756000000.0,-103507000000.0,-0.7301772059031011,29404829180.199337,8.0,-3.5200680597627714,owners,20240729800340
139130,iM금융지주,bank,2024Q3,2024-10-28,,미확인,102614000000.0,114987000000.0,-12373000000.0,-0.1076034682181464,38276399690.119415,8.0,-0.32325401814617216,owners,20241028800329
139130,iM금융지주,bank,2024Q4,2025-02-07,,미확인,-45090030000.0,-12559562000.0,-32530468000.0,-2.5900957374150466,39128191200.21105,8.0,-0.8313818503275086,owners_annual_minus_q3,20250207800731
139130,iM금융지주,bank,2025Q1,2025-04-28,,미확인,154308000000.0,111716000000.0,42592000000.0,0.38125246159905474,38126841996.17499,8.0,1.117113240175333,owners,20250428800449
139130,iM금융지주,bank,2025Q2,2025-07-28,,미확인,154948000000.0,38249000000.0,116699000000.0,3.051034013961149,45335802572.649155,8.0,2.5741024395232364,owners,20250728800364
139130,iM금융지주,bank,2025Q3,2025-10-30,14:00,장중,122452000000.0,102614000000.0,19838000000.0,0.1933264466836884,66810314247.56377,8.0,0.2969302004252044,owners,20251030800290
139130,iM금융지주,bank,2025Q4,2026-02-06,,미확인,25778711000.0,-51018762000.0,76797473000.0,1.5052790383271157,67752931003.517746,8.0,1.1334929996757286,owners_annual_minus_q3,20260206802276
139130,iM금융지주,bank,2026Q1,2026-04-28,16:00,장후,154511000000.0,154308000000.0,203000000.0,0.0013155507167483215,72198959414.06683,8.0,0.0028116748724282673,owners,20260428800523
139130,iM금융지주,bank,2026Q2,2026-07-27,16:00,장후,141070000000.0,154948000000.0,-13878000000.0,-0.08956553166223508,67822007488.83696,8.0,-0.20462384576693965,owners,20260727800396
175330,JB금융지주,bank,2019Q1,2019-04-30,,미확인,92543000000.0,64223000000.0,28320000000.0,0.4409635177428647,,0.0,,owners,20190430800344
175330,JB금융지주,bank,2019Q2,2019-08-02,,미확인,111546000000.0,74129000000.0,37417000000.0,0.5047552240014029,,1.0,,owners,20190802800189
175330,JB금융지주,bank,2019Q3,2019-10-31,,미확인,90126000000.0,72608000000.0,17518000000.0,0.24126817981489643,,2.0,,owners,20191031800138
175330,JB금융지주,bank,2019Q4,2020-02-12,,미확인,53069081000.0,35486178000.0,17582903000.0,0.49548596075914403,,3.0,,total_annual_minus_q3,20200212800548
175330,JB금융지주,bank,2020Q1,2020-04-28,,미확인,96501000000.0,92551000000.0,3950000000.0,0.04267917148383054,9592052622.667316,4.0,0.4117992420793873,owners,20200428800486
175330,JB금융지주,bank,2020Q2,2020-07-28,,미확인,91693000000.0,111546000000.0,-19853000000.0,-0.17798038477399458,12625318489.843407,5.0,-1.5724751827821999,owners,20200728800277
175330,JB금융지주,bank,2020Q3,2020-10-28,,미확인,109945000000.0,90121000000.0,19824000000.0,0.2199709279746119,20127166924.189014,6.0,0.9849374268454709,owners,20201028800316
175330,JB금융지주,bank,2020Q4,2021-02-08,,미확인,65373000000.0,47715000000.0,17658000000.0,0.37007230430682175,18497985394.546833,7.0,0.9545904390867095,owners,20210208800554
175330,JB금융지주,bank,2021Q1,2021-04-27,,미확인,132345000000.0,96501000000.0,35844000000.0,0.3714365654241925,17152242137.456144,8.0,2.089755946350932,owners,20210427800219
175330,JB금융지주,bank,2021Q2,2021-07-27,,미확인,146010000000.0,91693000000.0,54317000000.0,0.5923789166021397,18145535821.91374,8.0,2.9934084357213213,owners,20210727800290
175330,JB금융지주,bank,2021Q3,2021-10-26,,미확인,134001000000.0,109945000000.0,24056000000.0,0.21880030924553184,21614896737.05707,8.0,1.1129361519806775,owners,20211026800253
175330,JB금융지주,bank,2021Q4,2022-02-11,,미확인,98216575000.0,72959982000.0,25256593000.0,0.3461704938468872,21702147695.63465,8.0,1.163783112815158,total_annual_minus_q3,20220211800650
175330,JB금융지주,bank,2022Q1,2022-04-26,,미확인,166808000000.0,132345000000.0,34463000000.0,0.2604027352752276,21791260653.117317,8.0,1.5815055654005932,owners,20220426800277
175330,JB금융지주,bank,2022Q2,2022-07-26,,미확인,153221000000.0,146010000000.0,7211000000.0,0.04938702828573385,21217174028.492794,8.0,0.3398661853042381,owners,20220726800153
175330,JB금융지주,bank,2022Q3,2022-10-24,,미확인,167033000000.0,134001000000.0,33032000000.0,0.24650562309236498,14249540915.158552,8.0,2.318109769056546,owners,20221024800204
175330,JB금융지주,bank,2022Q4,2023-02-09,,미확인,117980427000.0,98216575000.0,19763852000.0,0.2012272572119319,14019102467.518297,8.0,1.4097801229281304,total_annual_minus_q3,20230209800358
175330,JB금융지주,bank,2023Q1,2023-04-26,,미확인,163363000000.0,166808000000.0,-3445000000.0,-0.02065248669128579,13794115093.748442,8.0,-0.2497441826885503,owners,20230426800373
175330,JB금융지주,bank,2023Q2,2023-07-26,,미확인,162775000000.0,153221000000.0,9554000000.0,0.06235437701098413,17582120707.70962,8.0,0.5433929250531562,owners,20230726800274
175330,JB금융지주,bank,2023Q3,2023-10-24,,미확인,167257000000.0,167033000000.0,224000000.0,0.0013410523668975591,13270389521.261507,8.0,0.016879685380833204,owners,20231024800168
175330,JB금융지주,bank,2023Q4,2024-02-06,,미확인,96460450000.0,117980427000.0,-21519977000.0,-0.1824029421422589,14521606599.586357,8.0,-1.4819281084651466,total_annual_minus_q3,20240206800237
175330,JB금융지주,bank,2024Q1,2024-04-22,,미확인,173230000000.0,163363000000.0,9867000000.0,0.06039923360858946,18905798443.20342,8.0,0.5219033742289344,owners,20240422800291
175330,JB금융지주,bank,2024Q2,2024-07-25,,미확인,196890000000.0,162775000000.0,34115000000.0,0.20958378129319613,16140250572.493912,8.0,2.1136598745337025,owners,20240725800226
175330,JB금융지주,bank,2024Q3,2024-10-23,,미확인,193040000000.0,167257000000.0,25783000000.0,0.15415199363853233,18811419216.416054,8.0,1.3706036585214207,owners,20241023800241
175330,JB금융지주,bank,2024Q4,2025-02-06,,미확인,114374000000.0,92586000000.0,21788000000.0,0.2353271552934569,17695968381.22006,8.0,1.2312408979619693,owners,20250206800585
175330,JB금융지주,bank,2025Q1,2025-04-24,,미확인,162751000000.0,173213000000.0,-10462000000.0,-0.060399623584834854,17880581208.49848,8.0,-0.5851040230743453,owners,20250424800488
175330,JB금융지주,bank,2025Q2,2025-07-24,,미확인,207695000000.0,196890000000.0,10805000000.0,0.054878358474274976,18759386295.165543,8.0,0.5759783305269716,owners,20250724800288
175330,JB금융지주,bank,2025Q3,2025-10-28,04:30,장전,208275000000.0,193040000000.0,15235000000.0,0.07892146705346043,18773030032.204876,8.0,0.8115365486479575,owners,20251028800409
175330,JB금융지주,bank,2025Q4,2026-02-05,05:00,장전,131665000000.0,114374000000.0,17291000000.0,0.15117946386416492,18539267760.59097,8.0,0.93266898257738,owners,20260205800599
175330,JB금융지주,bank,2026Q1,2026-04-23,05:00,장전,166110000000.0,162751000000.0,3359000000.0,0.020638890083624677,13217153689.159298,8.0,0.25413943720387017,owners,20260423800615
175330,JB금융지주,bank,2026Q2,2026-07-23,05:00,장전,219594000000.0,207695000000.0,11899000000.0,0.05729073882375599,13804334668.605265,8.0,0.8619756247334033,owners,20260723800585
316140,우리금융지주,bank,2019Q1,2019-04-25,,미확인,568614000000.0,,,,,0.0,,owners,20190425800095
316140,우리금융지주,bank,2019Q2,2019-07-22,,미확인,610435000000.0,,,,,0.0,,owners_cum_minus_prev_q,20190722800235
316140,우리금융지주,bank,2019Q3,2019-10-29,,미확인,486022000000.0,,,,,0.0,,owners,20191029800154
316140,우리금융지주,bank,2019Q4,2020-02-07,,미확인,238347000000.0,,,,,0.0,,owners_annual_minus_q3,20200207800724
316140,우리금융지주,bank,2020Q1,2020-04-27,,미확인,518216000000.0,568689000000.0,-50473000000.0,-0.08875325529419419,,0.0,,owners,20200427800154
316140,우리금융지주,bank,2020Q2,2020-07-27,,미확인,142298000000.0,610999000000.0,-468701000000.0,-0.7671060018101503,,1.0,,owners_cum_minus_prev_q,20200727800257
316140,우리금융지주,bank,2020Q3,2020-10-26,,미확인,479806000000.0,486009000000.0,-6203000000.0,-0.01276313813118687,,2.0,,owners,20201026800073
316140,우리금융지주,bank,2020Q4,2021-02-05,,미확인,219894792000.0,231525403000.0,-11630611000.0,-0.05023470793829047,,3.0,,total_annual_minus_q3,20210205800866
316140,우리금융지주,bank,2021Q1,2021-04-21,,미확인,671560000000.0,518216000000.0,153344000000.0,0.2959074980317088,223835956214.4053,4.0,0.6850731338852311,owners,20210421800313
316140,우리금융지주,bank,2021Q2,2021-07-21,,미확인,748187000000.0,142348000000.0,605839000000.0,4.25604153202012,232635298539.4314,5.0,2.604243654353731,owners_cum_minus_prev_q,20210721800306
316140,우리금융지주,bank,2021Q3,2021-10-25,,미확인,778570000000.0,480200000000.0,298370000000.0,0.6213452728029988,347772969563.57886,6.0,0.8579447688945614,owners,20211025800255
316140,우리금융지주,bank,2021Q4,2022-02-09,,미확인,389668000000.0,166502000000.0,223166000000.0,1.340320236393557,332483631041.7069,7.0,0.6712089834341527,owners_annual_minus_q3,20220209800535
316140,우리금융지주,bank,2022Q1,2022-04-22,,미확인,884230000000.0,667103000000.0,217127000000.0,0.3254774749926173,312283426072.76184,8.0,0.6952882601890296,owners,20220422800349
316140,우리금융지주,bank,2022Q2,2022-07-22,,미확인,877195000000.0,752595000000.0,124600000000.0,0.16556049402401027,309039448677.92584,8.0,0.4031847731189017,owners_cum_minus_prev_q,20220722800213
316140,우리금융지주,bank,2022Q3,2022-10-25,,미확인,899811000000.0,778238000000.0,121573000000.0,0.15621570779118985,196533684607.09854,8.0,0.6185860721180869,owners,20221025800252
316140,우리금융지주,bank,2022Q4,2023-02-08,,미확인,507571000000.0,390000000000.0,117571000000.0,0.30146410256410255,181981696485.61655,8.0,0.6460594788954095,owners_annual_minus_q3,20230208800465
316140,우리금융지주,bank,2023Q1,2023-04-24,,미확인,911327000000.0,839188000000.0,72139000000.0,0.08596285933545285,163648385789.03595,8.0,0.440817058183492,owners,20230424800288
316140,우리금융지주,bank,2023Q2,2023-07-27,,미확인,627308000000.0,922746000000.0,-295438000000.0,-0.32017261521588825,171599007102.0538,8.0,-1.7216766284917742,owners_cum_minus_prev_q,20230727800437
316140,우리금융지주,bank,2023Q3,2023-10-26,,미확인,899409000000.0,899811000000.0,-402000000.0,-0.0004467604863688041,179675794006.07718,8.0,-0.0022373631474610495,owners,20231026800373
316140,우리금융지주,bank,2023Q4,2024-02-06,,미확인,78366000000.0,479935000000.0,-401569000000.0,-0.8367153885421984,165384559096.15192,8.0,-2.4280924543054487,owners_annual_minus_q3,20240206800458
316140,우리금융지주,bank,2024Q1,2024-04-26,,미확인,824490000000.0,913686000000.0,-89196000000.0,-0.09762215903494198,221930262575.8419,8.0,-0.4019100368050003,owners,20240426800516
316140,우리금융지주,bank,2024Q2,2024-07-25,,미확인,930906000000.0,625190000000.0,305716000000.0,0.4889969449287417,203699271039.96786,8.0,1.5008202947374094,owners_cum_minus_prev_q,20240725800326
316140,우리금융지주,bank,2024Q3,2024-10-25,,미확인,903580000000.0,899306000000.0,4274000000.0,0.004752553635803608,233045314283.8166,8.0,0.018339780883965193,owners,20241025800336
316140,우리금융지주,bank,2024Q4,2025-02-07,,미확인,426919000000.0,68114000000.0,358805000000.0,5.2677129518160735,226373763888.9893,8.0,1.585011415792659,owners_annual_minus_q3,20250207800589
316140,우리금융지주,bank,2025Q1,2025-04-25,16:00,장후,615639000000.0,824001000000.0,-208362000000.0,-0.2528661979779151,262858526499.0806,8.0,-0.7926773492003456,owners,20250425800529
316140,우리금융지주,bank,2025Q2,2025-07-25,,미확인,934649000000.0,931495000000.0,3154000000.0,0.003385954836043135,269612189934.25143,8.0,0.011698284119754175,owners,20250725800492
316140,우리금융지주,bank,2025Q3,2025-10-29,16:00,장후,1244431000000.0,904371000000.0,340060000000.0,0.3760182491477502,249217319464.64487,8.0,1.3645119076414851,owners,20251029800432
316140,우리금융지주,bank,2025Q4,2026-02-06,16:00,장후,345329000000.0,426128000000.0,-80799000000.0,-0.18961204145233357,277299151782.09875,8.0,-0.29137846070114104,owners,20260206801557
316140,우리금융지주,bank,2026Q1,2026-04-24,16:00,장후,603803000000.0,616691000000.0,-12888000000.0,-0.02089863481062639,222191066361.4925,8.0,-0.05800413225899884,owners,20260424800557
316140,우리금융지주,bank,2026Q2,2026-07-24,16:00,장후,1004635000000.0,935328000000.0,69307000000.0,0.07409913955318348,215465018991.15125,8.0,0.3216624226266924,owners,20260724800491
323410,카카오뱅크,bank,2021Q3,2021-11-02,16:00,장후,51996000000.0,40616000000.0,11380000000.0,0.28018514870986805,,0.0,,total,20211102800265
323410,카카오뱅크,bank,2021Q4,2022-02-09,16:00,장후,36182000000.0,27761000000.0,8421000000.0,0.3033392168869998,,1.0,,total,20220209800573
323410,카카오뱅크,bank,2022Q1,2022-05-03,10:00,장중,66800000000.0,46656000000.0,20144000000.0,0.43175582990397804,,2.0,,total,20220503800002
323410,카카오뱅크,bank,2022Q2,2022-08-03,10:00,장중,57012000000.0,69290000000.0,-12278000000.0,-0.17719728676576707,,3.0,,total,20220803800001
323410,카카오뱅크,bank,2022Q3,2022-11-02,10:00,장중,78717000000.0,51996000000.0,26721000000.0,0.513904915762751,13730524859.475208,4.0,1.9461018623450712,total,20221102800015
323410,카카오뱅크,bank,2022Q4,2023-02-08,,미확인,60561520000.0,36182147000.0,24379373000.0,0.6737956429174864,14826906228.205532,5.0,1.6442656765187205,total_annual_minus_q3,20230208800004
323410,카카오뱅크,bank,2023Q1,2023-05-03,10:00,장중,101855000000.0,66800000000.0,35055000000.0,0.5247754491017964,14361500536.640366,6.0,2.4409009288802723,total,20230503800002
323410,카카오뱅크,bank,2023Q2,2023-08-02,10:00,장중,81980000000.0,57012000000.0,24968000000.0,0.43794288921630536,15510082656.714428,7.0,1.6097915499625768,total,20230802800006
323410,카카오뱅크,bank,2023Q3,2023-11-08,10:00,장중,95417000000.0,78717000000.0,16700000000.0,0.212152394019081,14685860178.067482,8.0,1.1371482362974232,total,20231108800006
323410,카카오뱅크,bank,2023Q4,2024-02-07,,미확인,75660198000.0,60561520000.0,15098678000.0,0.24931141094212958,14496196683.949492,8.0,1.0415613370310841,total_annual_minus_q3,20240207800003
323410,카카오뱅크,bank,2024Q1,2024-05-08,10:00,장중,111197000000.0,101855000000.0,9342000000.0,0.09171861960630308,14050319135.539171,8.0,0.6648959294006461,total,20240508800003
323410,카카오뱅크,bank,2024Q2,2024-08-07,10:00,장중,120245000000.0,81980000000.0,38265000000.0,0.4667601854110759,14422156733.39853,8.0,2.6532092742680233,total,20240807800002
323410,카카오뱅크,bank,2024Q3,2024-11-06,10:00,장중,124166000000.0,95417000000.0,28749000000.0,0.3012985107475607,9865510448.38777,8.0,2.9140914857272477,total,20241106800002
323410,카카오뱅크,bank,2024Q4,2025-02-05,,미확인,84457254000.0,75660198000.0,8797056000.0,0.11627059183746784,9976249710.428247,8.0,0.8817999002976411,total_annual_minus_q3,20250205800001
323410,카카오뱅크,bank,2025Q1,2025-05-07,10:00,장중,137416000000.0,111197000000.0,26219000000.0,0.23578873530760722,11335679772.410622,8.0,2.312962303664681,total,20250507800012
323410,카카오뱅크,bank,2025Q2,2025-08-06,10:00,장중,126257000000.0,120245000000.0,6012000000.0,0.04999792091147241,10276493375.830906,8.0,0.5850244611785097,total,20250806800006
323410,카카오뱅크,bank,2025Q3,2025-11-05,10:00,장중,111399000000.0,124165000000.0,-12766000000.0,-0.10281480288326018,11363353071.232826,8.0,-1.1234360069580236,total,20251105800008
323410,카카오뱅크,bank,2025Q4,2026-02-04,10:00,장중,105207000000.0,84457000000.0,20750000000.0,0.2456871544099364,15939104082.464588,8.0,1.3018297573467834,total,20260204800004
323410,카카오뱅크,bank,2026Q1,2026-05-06,10:00,장중,187296000000.0,137416000000.0,49880000000.0,0.3629853874366886,16070585650.786007,8.0,3.103807234153933,total,20260506800005
323410,카카오뱅크,bank,2026Q2,2026-08-05,10:00,장중,140752000000.0,126257000000.0,14495000000.0,0.1148055157337811,19757923380.191925,8.0,0.7336297302646589,total,20260805800019
