ticker,name,n_events,net_income_ok,sue_ok
003540,대신증권,15,0.8,0.6666666666666666
005940,NH투자증권,23,1.0,1.0
006800,미래에셋증권,23,1.0,1.0
016360,삼성증권,23,0.9565217391304348,0.9130434782608695
024110,기업은행,23,1.0,1.0
029780,삼성카드,23,1.0,1.0
039490,키움증권,23,1.0,1.0
055550,신한지주,23,1.0,1.0
071050,한국금융지주,22,0.9545454545454546,0.7727272727272727
086790,하나금융지주,23,1.0,1.0
105560,KB금융,23,1.0,1.0
138040,메리츠금융지주,17,0.8235294117647058,0.5882352941176471
138930,BNK금융지주,23,1.0,1.0
139130,iM금융지주,23,1.0,1.0
175330,JB금융지주,23,1.0,1.0
316140,우리금융지주,23,1.0,0.9565217391304348
323410,카카오뱅크,20,1.0,0.8
