ticker,name,fiscal_q,announce_date,rcept_no,filing_time,timing,n_kind_filings,n_matches
024110,기업은행,2019Q1,2019-04-25,20190425800448,15:31,장후,1,1
024110,기업은행,2019Q2,2019-07-25,20190725800343,15:30,장후,1,1
024110,기업은행,2019Q3,2019-10-25,20191025800242,15:30,장후,1,1
024110,기업은행,2019Q4,2020-02-10,20200210800652,15:32,장후,1,1
024110,기업은행,2020Q1,2020-04-27,20200427800328,15:33,장후,1,1
024110,기업은행,2020Q2,2020-07-27,20200727800253,15:26,마감직전,1,1
024110,기업은행,2020Q3,2020-10-27,20201027800297,15:40,장후,1,1
024110,기업은행,2020Q4,2021-02-05,20210205800578,15:31,장후,1,1
024110,기업은행,2021Q1,2021-04-26,20210426800297,15:42,장후,1,1
024110,기업은행,2021Q2,2021-07-26,20210726800249,15:47,장후,1,1
024110,기업은행,2021Q3,2021-10-26,20211026800233,15:33,장후,1,1
024110,기업은행,2021Q4,2022-02-08,20220208800514,15:33,장후,1,1
024110,기업은행,2022Q1,2022-04-25,20220425800272,15:39,장후,1,1
024110,기업은행,2022Q2,2022-07-22,20220722800246,15:16,마감직전,1,1
024110,기업은행,2022Q3,2022-10-26,20221026800315,15:31,장후,1,1
024110,기업은행,2022Q4,2023-02-07,20230207800426,15:27,마감직전,1,1
024110,기업은행,2023Q1,2023-04-27,20230427800440,15:28,마감직전,1,1
024110,기업은행,2023Q2,2023-07-25,20230725800240,15:25,마감직전,1,1
024110,기업은행,2023Q3,2023-10-27,20231027800383,15:30,장후,1,1
024110,기업은행,2023Q4,2024-02-07,20240207800528,15:19,마감직전,1,1
024110,기업은행,2024Q1,2024-04-29,20240429800407,15:34,장후,1,1
024110,기업은행,2024Q2,2024-07-29,20240729800271,15:27,마감직전,1,1
024110,기업은행,2024Q3,2024-11-01,20241101800321,15:31,장후,1,1
024110,기업은행,2024Q4,2025-02-10,20250210800909,16:00,장후,1,1
024110,기업은행,2025Q1,2025-04-25,20250425800493,15:27,마감직전,1,1
024110,기업은행,2025Q2,2025-07-24,20250724800196,14:00,장중,1,1
024110,기업은행,2025Q3,2025-10-30,20251030800319,13:57,장중,1,1
024110,기업은행,2025Q4,2026-02-05,20260205800397,14:28,장중,1,1
024110,기업은행,2026Q1,2026-04-24,20260424800766,16:35,장후,1,1
024110,기업은행,2026Q2,2026-07-27,20260727800560,16:30,장후,1,1
055550,신한지주,2019Q1,2019-04-25,20190425800458,15:34,장후,3,1
055550,신한지주,2019Q2,2019-07-25,20190725800362,15:38,장후,3,1
055550,신한지주,2019Q3,2019-10-25,20191025800277,15:37,장후,3,1
055550,신한지주,2019Q4,2020-02-05,20200205800438,15:37,장후,11,1
055550,신한지주,2020Q1,2020-04-24,20200424800444,15:42,장후,3,1
055550,신한지주,2020Q2,2020-07-24,20200724800329,15:30,장후,5,1
055550,신한지주,2020Q3,2020-10-27,20201027800312,15:43,장후,3,1
055550,신한지주,2020Q4,2021-02-05,20210205800591,15:36,장후,6,1
055550,신한지주,2021Q1,2021-04-23,20210423800100,10:12,장중,4,1
055550,신한지주,2021Q2,2021-07-27,20210727800088,10:18,장중,5,1
055550,신한지주,2021Q3,2021-10-26,20211026800154,13:35,장중,4,1
055550,신한지주,2021Q4,2022-02-09,20220209800385,14:45,장중,8,1
055550,신한지주,2022Q1,2022-04-22,20220422800246,13:18,장중,6,1
055550,신한지주,2022Q2,2022-07-22,20220722800072,10:02,장중,4,1
055550,신한지주,2022Q3,2022-10-25,20221025800108,10:10,장중,4,1
055550,신한지주,2022Q4,2023-02-08,20230208800261,13:37,장중,15,1
055550,신한지주,2023Q1,2023-04-27,20230427800232,13:28,장중,7,1
055550,신한지주,2023Q2,2023-07-27,20230727800227,13:03,장중,7,1
055550,신한지주,2023Q3,2023-10-27,20231027800202,13:22,장중,4,1
055550,신한지주,2023Q4,2024-02-08,20240208800396,13:16,장중,12,1
055550,신한지주,2024Q1,2024-04-26,20240426800240,13:12,장중,10,1
055550,신한지주,2024Q2,2024-07-26,20240726800253,13:03,장중,8,1
055550,신한지주,2024Q3,2024-10-25,20241025800148,13:20,장중,7,1
055550,신한지주,2024Q4,2025-02-06,20250206800249,13:22,장중,16,1
055550,신한지주,2025Q1,2025-04-25,20250425800245,13:31,장중,6,1
055550,신한지주,2025Q2,2025-07-25,20250725800246,13:37,장중,9,1
055550,신한지주,2025Q3,2025-10-28,20251028800230,13:21,장중,8,1
055550,신한지주,2025Q4,2026-02-05,20260205800296,13:31,장중,15,1
055550,신한지주,2026Q1,2026-04-23,20260423800296,13:48,장중,7,1
055550,신한지주,2026Q2,2026-07-23,20260723800269,13:16,장중,10,1
086790,하나금융지주,2019Q1,2019-04-19,20190419800532,15:26,마감직전,3,1
086790,하나금융지주,2019Q2,2019-07-26,20190726800327,15:30,장후,4,1
086790,하나금융지주,2019Q3,2019-10-25,20191025800238,15:30,장후,3,1
086790,하나금융지주,2019Q4,2020-02-04,20200204800327,15:32,장후,11,1
086790,하나금융지주,2020Q1,2020-04-24,20200424800413,15:28,마감직전,5,1
086790,하나금융지주,2020Q2,2020-07-23,20200723800264,15:27,마감직전,5,1
086790,하나금융지주,2020Q3,2020-10-23,20201023800320,15:39,장후,3,1
086790,하나금융지주,2020Q4,2021-02-05,20210205800540,15:20,마감직전,6,1
086790,하나금융지주,2021Q1,2021-04-23,20210423800351,15:39,장후,7,1
086790,하나금융지주,2021Q2,2021-07-22,20210722800251,15:23,마감직전,9,1
086790,하나금융지주,2021Q3,2021-10-22,20211022800287,15:50,장후,3,1
086790,하나금융지주,2021Q4,2022-02-10,20220210800637,15:36,장후,8,1
086790,하나금융지주,2022Q1,2022-04-22,20220422800440,15:37,장후,8,1
086790,하나금융지주,2022Q2,2022-07-22,20220722800256,15:20,마감직전,9,1
086790,하나금융지주,2022Q3,2022-10-25,20221025800182,11:56,장중,3,1
086790,하나금융지주,2022Q4,2023-02-09,20230209800496,15:33,장후,14,1
086790,하나금융지주,2023Q1,2023-04-27,20230427800329,14:46,장중,8,1
086790,하나금융지주,2023Q2,2023-07-27,20230727800323,14:26,장중,4,1
086790,하나금융지주,2023Q3,2023-10-27,20231027800313,14:42,장중,6,1
086790,하나금융지주,2023Q4,2024-01-31,20240131800352,14:31,장중,10,1
086790,하나금융지주,2024Q1,2024-04-26,20240426800390,14:41,장중,4,1
086790,하나금융지주,2024Q2,2024-07-26,20240726800366,14:34,장중,7,1
086790,하나금융지주,2024Q3,2024-10-29,20241029800223,14:14,장중,7,1
086790,하나금융지주,2024Q4,2025-02-04,20250204800509,14:43,장중,14,1
086790,하나금융지주,2025Q1,2025-04-25,20250425800410,14:46,장중,6,1
086790,하나금융지주,2025Q2,2025-07-25,20250725800355,14:35,장중,9,1
086790,하나금융지주,2025Q3,2025-10-28,20251028800341,14:46,장중,8,1
086790,하나금융지주,2025Q4,2026-01-30,20260130800520,14:40,장중,13,1
086790,하나금융지주,2026Q1,2026-04-24,20260424800377,14:32,장중,7,1
086790,하나금융지주,2026Q2,2026-07-24,20260724800401,14:38,장중,11,1
105560,KB금융,2019Q1,2019-04-24,20190424800365,15:44,장후,5,1
105560,KB금융,2019Q2,2019-07-18,20190718800344,15:37,장후,3,1
105560,KB금융,2019Q3,2019-10-24,20191024800273,15:41,장후,3,1
105560,KB금융,2019Q4,2020-02-06,20200206800480,15:37,장후,10,1
105560,KB금융,2020Q1,2020-04-23,20200423800333,15:28,마감직전,6,1
105560,KB금융,2020Q2,2020-07-21,20200721800237,15:37,장후,3,1
105560,KB금융,2020Q3,2020-10-22,20201022800232,15:34,장후,6,1
105560,KB금융,2020Q4,2021-02-04,20210204800498,15:45,장후,11,1
105560,KB금융,2021Q1,2021-04-22,20210422800304,15:37,장후,4,1
105560,KB금융,2021Q2,2021-07-22,20210722800266,15:43,장후,4,1
105560,KB금융,2021Q3,2021-10-21,20211021800235,15:44,장후,3,1
105560,KB금융,2021Q4,2022-02-08,20220208800586,15:53,장후,9,1
105560,KB금융,2022Q1,2022-04-22,20220422800470,15:44,장후,4,1
105560,KB금융,2022Q2,2022-07-21,20220721800270,15:40,장후,6,1
105560,KB금융,2022Q3,2022-10-25,20221025800316,15:42,장후,4,1
105560,KB금융,2022Q4,2023-02-07,20230207800436,15:44,장후,12,1
105560,KB금융,2023Q1,2023-04-27,20230427800427,15:27,마감직전,5,1
105560,KB금융,2023Q2,2023-07-25,20230725800233,15:21,마감직전,6,1
105560,KB금융,2023Q3,2023-10-24,20231024800240,15:31,장후,4,1
105560,KB금융,2023Q4,2024-02-07,20240207800510,15:15,마감직전,13,1
105560,KB금융,2024Q1,2024-04-25,20240425800392,15:22,마감직전,5,1
105560,KB금융,2024Q2,2024-07-23,20240723800279,15:24,마감직전,8,1
105560,KB금융,2024Q3,2024-10-24,20241024800264,15:26,마감직전,7,1
105560,KB금융,2024Q4,2025-02-05,20250205800475,15:34,장후,13,1
105560,KB금융,2025Q1,2025-04-24,20250424800422,15:12,마감직전,8,1
105560,KB금융,2025Q2,2025-07-24,20250724800303,15:21,마감직전,7,1
105560,KB금융,2025Q3,2025-10-30,20251030800460,15:22,마감직전,7,1
105560,KB금융,2025Q4,2026-02-05,20260205800646,15:50,장후,11,1
105560,KB금융,2026Q1,2026-04-23,20260423800481,15:22,마감직전,11,1
105560,KB금융,2026Q2,2026-07-23,20260723800451,15:16,마감직전,8,1
138930,BNK금융지주,2019Q1,2019-04-30,20190430800427,15:34,장후,4,1
138930,BNK금융지주,2019Q2,2019-07-31,20190731800342,15:49,장후,5,1
138930,BNK금융지주,2019Q3,2019-10-31,20191031800302,15:34,장후,4,1
138930,BNK금융지주,2019Q4,2020-02-06,20200206800548,15:51,장후,9,1
138930,BNK금융지주,2020Q1,2020-04-28,20200428800464,15:35,장후,6,1
138930,BNK금융지주,2020Q2,2020-07-27,20200727800256,15:30,장후,4,1
138930,BNK금융지주,2020Q3,2020-10-29,20201029800325,15:36,장후,4,1
138930,BNK금융지주,2020Q4,2021-02-09,20210209800656,15:44,장후,5,1
138930,BNK금융지주,2021Q1,2021-04-29,20210429800375,15:31,장후,3,1
138930,BNK금융지주,2021Q2,2021-07-29,20210729800325,15:39,장후,4,1
138930,BNK금융지주,2021Q3,2021-10-28,20211028800458,15:48,장후,3,1
138930,BNK금융지주,2021Q4,2022-02-10,20220210800659,15:40,장후,4,1
138930,BNK금융지주,2022Q1,2022-04-28,20220428800399,15:40,장후,5,1
138930,BNK금융지주,2022Q2,2022-07-28,20220728800333,15:36,장후,6,1
138930,BNK금융지주,2022Q3,2022-10-27,20221027800464,15:30,장후,4,1
138930,BNK금융지주,2022Q4,2023-02-02,20230202800283,15:48,장후,6,1
138930,BNK금융지주,2023Q1,2023-04-27,20230427800400,15:06,마감직전,5,1
138930,BNK금융지주,2023Q2,2023-07-26,20230726800599,17:06,장후,7,1
138930,BNK금융지주,2023Q3,2023-10-31,20231031800351,15:08,마감직전,2,1
138930,BNK금융지주,2023Q4,2024-02-05,20240205801164,18:08,장후,6,1
138930,BNK금융지주,2024Q1,2024-04-30,20240430800500,15:38,장후,4,1
138930,BNK금융지주,2024Q2,2024-07-31,20240731800207,13:38,장중,11,1
138930,BNK금융지주,2024Q3,2024-10-30,20241030800177,13:04,장중,7,1
138930,BNK금융지주,2024Q4,2025-02-06,20250206800511,15:37,장후,11,1
138930,BNK금융지주,2025Q1,2025-04-25,20250425800478,15:09,마감직전,9,1
138930,BNK금융지주,2025Q2,2025-07-31,20250731800372,15:01,마감직전,9,1
138930,BNK금융지주,2025Q3,2025-10-30,20251030800663,16:40,장후,7,1
138930,BNK금융지주,2025Q4,2026-02-06,20260206801345,15:12,마감직전,8,1
138930,BNK금융지주,2026Q1,2026-04-30,20260430800567,14:14,장중,8,1
138930,BNK금융지주,2026Q2,2026-07-28,20260728800461,14:49,장중,7,1
139130,iM금융지주,2019Q1,2019-05-02,20190502800385,15:50,장후,4,1
139130,iM금융지주,2019Q2,2019-08-01,20190801800306,15:52,장후,4,1
139130,iM금융지주,2019Q3,2019-10-31,20191031800306,15:36,장후,3,1
139130,iM금융지주,2019Q4,2020-02-06,20200206800506,15:50,장후,5,1
139130,iM금융지주,2020Q1,2020-05-07,20200507800337,15:38,장후,3,1
139130,iM금융지주,2020Q2,2020-07-30,20200730800300,15:37,장후,4,1
139130,iM금융지주,2020Q3,2020-10-29,20201029800356,15:48,장후,3,1
139130,iM금융지주,2020Q4,2021-02-08,20210208800853,16:38,장후,5,1
139130,iM금융지주,2021Q1,2021-04-29,20210429800393,15:45,장후,3,1
139130,iM금융지주,2021Q2,2021-07-29,20210729800337,15:41,장후,5,1
139130,iM금융지주,2021Q3,2021-10-28,20211028800470,15:45,장후,4,1
139130,iM금융지주,2021Q4,2022-02-10,20220210800650,15:37,장후,7,1
139130,iM금융지주,2022Q1,2022-04-28,20220428800402,15:40,장후,6,1
139130,iM금융지주,2022Q2,2022-07-28,20220728800324,15:35,장후,4,1
139130,iM금융지주,2022Q3,2022-10-27,20221027800471,15:31,장후,4,1
139130,iM금융지주,2022Q4,2023-02-09,20230209800621,16:03,장후,6,1
139130,iM금융지주,2023Q1,2023-04-27,20230427800457,15:30,장후,4,1
139130,iM금융지주,2023Q2,2023-07-28,20230728800402,15:12,마감직전,4,1
139130,iM금융지주,2023Q3,2023-10-30,20231030800338,15:43,장후,4,1
139130,iM금융지주,2023Q4,2024-02-07,20240207800785,15:58,장후,7,1
139130,iM금융지주,2024Q1,2024-05-02,20240502800348,15:34,장후,4,1
139130,iM금융지주,2024Q2,2024-07-29,20240729800340,16:10,장후,4,1
139130,iM금융지주,2024Q3,2024-10-28,20241028800329,15:35,장후,5,1
139130,iM금융지주,2024Q4,2025-02-07,20250207800731,15:59,장후,11,1
139130,iM금융지주,2025Q1,2025-04-28,20250428800449,16:10,장후,4,1
139130,iM금융지주,2025Q2,2025-07-28,20250728800364,15:56,장후,8,1
139130,iM금융지주,2025Q3,2025-10-30,20251030800290,13:25,장중,5,1
139130,iM금융지주,2025Q4,2026-02-06,20260206802276,16:42,장후,9,1
139130,iM금융지주,2026Q1,2026-04-28,20260428800523,15:44,장후,4,1
139130,iM금융지주,2026Q2,2026-07-27,20260727800396,15:50,장후,8,1
175330,JB금융지주,2019Q1,2019-04-30,20190430800344,14:50,장중,5,1
175330,JB금융지주,2019Q2,2019-08-02,20190802800189,13:54,장중,5,1
175330,JB금융지주,2019Q3,2019-10-31,20191031800138,12:31,장중,8,1
175330,JB금융지주,2019Q4,2020-02-12,20200212800548,15:50,장후,8,1
175330,JB금융지주,2020Q1,2020-04-28,20200428800486,15:48,장후,7,1
175330,JB금융지주,2020Q2,2020-07-28,20200728800277,15:42,장후,8,1
175330,JB금융지주,2020Q3,2020-10-28,20201028800316,15:35,장후,7,1
175330,JB금융지주,2020Q4,2021-02-08,20210208800554,15:26,마감직전,8,1
175330,JB금융지주,2021Q1,2021-04-27,20210427800219,14:13,장중,7,1
175330,JB금융지주,2021Q2,2021-07-27,20210727800290,15:47,장후,8,1
175330,JB금융지주,2021Q3,2021-10-26,20211026800253,15:48,장후,7,1
175330,JB금융지주,2021Q4,2022-02-11,20220211800650,15:45,장후,7,1
175330,JB금융지주,2022Q1,2022-04-26,20220426800277,15:09,마감직전,5,1
175330,JB금융지주,2022Q2,2022-07-26,20220726800153,13:13,장중,7,1
175330,JB금융지주,2022Q3,2022-10-24,20221024800204,14:50,장중,5,1
175330,JB금융지주,2022Q4,2023-02-09,20230209800358,14:26,장중,6,1
175330,JB금융지주,2023Q1,2023-04-26,20230426800373,15:51,장후,5,1
175330,JB금융지주,2023Q2,2023-07-26,20230726800274,14:27,장중,10,1
175330,JB금융지주,2023Q3,2023-10-24,20231024800168,14:18,장중,5,1
175330,JB금융지주,2023Q4,2024-02-06,20240206800237,13:33,장중,11,1
175330,JB금융지주,2024Q1,2024-04-22,20240422800291,15:28,마감직전,6,1
175330,JB금융지주,2024Q2,2024-07-25,20240725800226,13:56,장중,13,1
175330,JB금융지주,2024Q3,2024-10-23,20241023800241,15:07,마감직전,13,1
175330,JB금융지주,2024Q4,2025-02-06,20250206800585,15:43,장후,11,1
175330,JB금융지주,2025Q1,2025-04-24,20250424800488,15:54,장후,7,1
175330,JB금융지주,2025Q2,2025-07-24,20250724800288,15:11,마감직전,11,1
175330,JB금융지주,2025Q3,2025-10-28,20251028800409,15:32,장후,11,1
175330,JB금융지주,2025Q4,2026-02-05,20260205800599,15:50,장후,13,1
175330,JB금융지주,2026Q1,2026-04-23,20260423800615,16:07,장후,7,1
175330,JB금융지주,2026Q2,2026-07-23,20260723800585,16:03,장후,12,1
316140,우리금융지주,2019Q1,2019-04-25,20190425800095,10:00,장중,2,1
316140,우리금융지주,2019Q2,2019-07-22,20190722800235,12:59,장중,2,1
316140,우리금융지주,2019Q3,2019-10-29,20191029800154,14:02,장중,2,1
316140,우리금융지주,2019Q4,2020-02-07,20200207800724,16:24,장후,6,1
316140,우리금융지주,2020Q1,2020-04-27,20200427800154,10:55,장중,2,1
316140,우리금융지주,2020Q2,2020-07-27,20200727800257,15:34,장후,2,1
316140,우리금융지주,2020Q3,2020-10-26,20201026800073,08:56,장전,2,1
316140,우리금융지주,2020Q4,2021-02-05,20210205800866,16:29,장후,4,1
316140,우리금융지주,2021Q1,2021-04-21,20210421800313,15:28,마감직전,2,1
316140,우리금융지주,2021Q2,2021-07-21,20210721800306,15:43,장후,2,1
316140,우리금융지주,2021Q3,2021-10-25,20211025800255,15:30,장후,2,1
316140,우리금융지주,2021Q4,2022-02-09,20220209800535,15:45,장후,6,1
316140,우리금융지주,2022Q1,2022-04-22,20220422800349,14:37,장중,2,1
316140,우리금융지주,2022Q2,2022-07-22,20220722800213,14:36,장중,6,1
316140,우리금융지주,2022Q3,2022-10-25,20221025800252,14:40,장중,3,1
316140,우리금융지주,2022Q4,2023-02-08,20230208800465,15:11,마감직전,7,1
316140,우리금융지주,2023Q1,2023-04-24,20230424800288,15:47,장후,3,1
316140,우리금융지주,2023Q2,2023-07-27,20230727800437,15:40,장후,2,1
316140,우리금융지주,2023Q3,2023-10-26,20231026800373,15:33,장후,4,1
316140,우리금융지주,2023Q4,2024-02-06,20240206800458,15:38,장후,8,1
316140,우리금융지주,2024Q1,2024-04-26,20240426800516,15:40,장후,4,1
316140,우리금융지주,2024Q2,2024-07-25,20240725800326,15:30,장후,4,1
316140,우리금융지주,2024Q3,2024-10-25,20241025800336,15:33,장후,2,1
316140,우리금융지주,2024Q4,2025-02-07,20250207800589,15:22,마감직전,12,1
316140,우리금융지주,2025Q1,2025-04-25,20250425800529,15:48,장후,3,1
316140,우리금융지주,2025Q2,2025-07-25,20250725800492,15:43,장후,4,1
316140,우리금융지주,2025Q3,2025-10-29,20251029800432,15:39,장후,2,1
316140,우리금융지주,2025Q4,2026-02-06,20260206801557,15:43,장후,13,1
316140,우리금융지주,2026Q1,2026-04-24,20260424800557,15:46,장후,9,1
316140,우리금융지주,2026Q2,2026-07-24,20260724800491,15:36,장후,6,1
323410,카카오뱅크,2021Q3,2021-11-02,20211102800265,15:48,장후,1,1
323410,카카오뱅크,2021Q4,2022-02-09,20220209800573,15:45,장후,2,1
323410,카카오뱅크,2022Q1,2022-05-03,20220503800002,07:37,장전,1,1
323410,카카오뱅크,2022Q2,2022-08-03,20220803800001,07:36,장전,2,2
323410,카카오뱅크,2022Q3,2022-11-02,20221102800015,08:18,장전,2,1
323410,카카오뱅크,2022Q4,2023-02-08,20230208800004,07:42,장전,2,1
323410,카카오뱅크,2023Q1,2023-05-03,20230503800002,07:53,장전,2,1
323410,카카오뱅크,2023Q2,2023-08-02,20230802800006,07:55,장전,1,1
323410,카카오뱅크,2023Q3,2023-11-08,20231108800006,07:45,장전,1,1
323410,카카오뱅크,2023Q4,2024-02-07,20240207800003,07:48,장전,4,1
323410,카카오뱅크,2024Q1,2024-05-08,20240508800003,07:45,장전,2,1
323410,카카오뱅크,2024Q2,2024-08-07,20240807800002,07:47,장전,3,1
323410,카카오뱅크,2024Q3,2024-11-06,20241106800002,07:44,장전,2,1
323410,카카오뱅크,2024Q4,2025-02-05,20250205800001,07:39,장전,4,1
323410,카카오뱅크,2025Q1,2025-05-07,20250507800012,07:58,장전,2,1
323410,카카오뱅크,2025Q2,2025-08-06,20250806800006,07:56,장전,1,1
323410,카카오뱅크,2025Q3,2025-11-05,20251105800008,07:58,장전,2,1
323410,카카오뱅크,2025Q4,2026-02-04,20260204800004,07:40,장전,5,1
323410,카카오뱅크,2026Q1,2026-05-06,20260506800005,07:55,장전,1,1
323410,카카오뱅크,2026Q2,2026-08-05,20260805800019,07:59,장전,2,1
029780,삼성카드,2019Q1,2019-04-26,20190426800552,15:30,장후,1,1
029780,삼성카드,2019Q2,2019-07-26,20190726800363,15:50,장후,1,1
029780,삼성카드,2019Q3,2019-11-08,20191108800328,15:32,장후,5,1
029780,삼성카드,2019Q4,2020-01-31,20200131800572,15:52,장후,1,1
029780,삼성카드,2020Q1,2020-04-29,20200429800108,09:19,장중,2,1
029780,삼성카드,2020Q2,2020-07-28,20200728800089,09:52,장중,1,1
029780,삼성카드,2020Q3,2020-10-27,20201027800099,09:44,장중,1,1
029780,삼성카드,2020Q4,2021-01-28,20210128800667,17:02,장후,3,1
029780,삼성카드,2021Q1,2021-04-27,20210427800068,09:22,장중,1,1
029780,삼성카드,2021Q2,2021-07-27,20210727800074,09:45,장중,3,1
029780,삼성카드,2021Q3,2021-10-26,20211026800066,09:08,장중,3,1
029780,삼성카드,2021Q4,2022-01-27,20220127800774,17:44,장후,2,1
029780,삼성카드,2022Q1,2022-04-25,20220425800067,09:17,장중,3,1
029780,삼성카드,2022Q2,2022-07-25,20220725800060,09:08,장중,3,1
029780,삼성카드,2022Q3,2022-10-26,20221026800070,09:15,장중,1,1
029780,삼성카드,2022Q4,2023-02-09,20230209800056,09:20,장중,1,1
029780,삼성카드,2023Q1,2023-04-25,20230425800062,09:20,장중,1,1
029780,삼성카드,2023Q2,2023-07-25,20230725800041,09:07,장중,2,1
029780,삼성카드,2023Q3,2023-10-26,20231026800055,09:14,장중,4,1
029780,삼성카드,2023Q4,2024-02-08,20240208800070,09:09,장중,1,1
029780,삼성카드,2024Q1,2024-04-26,20240426800061,09:05,장중,1,1
029780,삼성카드,2024Q2,2024-07-26,20240726800067,09:13,장중,2,1
029780,삼성카드,2024Q3,2024-10-25,20241025800038,09:08,장중,2,1
029780,삼성카드,2024Q4,2025-02-07,20250207800042,09:19,장중,2,1
029780,삼성카드,2025Q1,2025-04-25,20250425800054,09:21,장중,1,1
029780,삼성카드,2025Q2,2025-07-25,20250725800048,09:02,장중,1,1
029780,삼성카드,2025Q3,2025-10-28,20251028800079,09:20,장중,2,1
029780,삼성카드,2025Q4,2026-02-05,20260205800096,09:43,장중,1,1
029780,삼성카드,2026Q1,2026-04-24,20260424800285,13:38,장중,1,1
029780,삼성카드,2026Q2,2026-07-27,20260727800185,12:36,장중,1,1
003540,대신증권,2019Q1,2019-05-15,20190515800909,15:05,마감직전,6,1
003540,대신증권,2019Q2,2019-08-14,20190814801059,15:10,마감직전,7,1
003540,대신증권,2019Q4,2020-02-06,20200206800501,15:37,장후,16,1
003540,대신증권,2020Q4,2021-02-04,20210204800521,15:45,장후,1,1
003540,대신증권,2021Q4,2022-02-03,20220203800607,16:25,장후,7,1
003540,대신증권,2022Q4,2023-02-09,20230209800735,16:34,장후,4,1
003540,대신증권,2023Q3,2023-11-09,20231109800623,17:25,장후,3,1
003540,대신증권,2023Q4,2024-02-07,20240207800957,16:30,장후,4,1
003540,대신증권,2024Q1,2024-05-07,20240507800523,16:43,장후,6,1
003540,대신증권,2024Q2,2024-08-08,20240808800455,16:07,장후,1,1
003540,대신증권,2024Q3,2024-11-07,20241107800529,16:48,장후,1,1
003540,대신증권,2024Q4,2025-02-06,20250206800749,16:32,장후,1,1
003540,대신증권,2025Q1,2025-05-13,20250513800752,16:51,장후,9,1
003540,대신증권,2025Q2,2025-08-08,20250808800440,16:21,장후,3,1
003540,대신증권,2025Q3,2025-11-06,20251106800667,17:12,장후,2,1
003540,대신증권,2025Q4,2026-02-09,20260209801447,17:16,장후,4,1
003540,대신증권,2026Q1,2026-05-08,20260508800766,16:05,장후,9,1
003540,대신증권,2026Q2,2026-08-11,20260811800542,16:09,장후,2,1
005940,NH투자증권,2019Q1,2019-04-25,20190425800624,16:25,장후,17,1
005940,NH투자증권,2019Q2,2019-07-26,20190726800087,10:09,장중,17,1
005940,NH투자증권,2019Q3,2019-10-24,20191024800324,16:13,장후,13,1
005940,NH투자증권,2019Q4,2020-01-30,20200130800505,16:01,장후,25,1
005940,NH투자증권,2020Q1,2020-04-28,20200428800466,15:35,장후,10,1
005940,NH투자증권,2020Q2,2020-07-24,20200724800363,15:38,장후,14,1
005940,NH투자증권,2020Q3,2020-10-27,20201027800337,15:46,장후,20,1
005940,NH투자증권,2020Q4,2021-01-28,20210128800391,15:36,장후,8,1
005940,NH투자증권,2021Q1,2021-04-29,20210429800424,15:50,장후,14,1
005940,NH투자증권,2021Q2,2021-07-22,20210722800361,16:23,장후,5,1
005940,NH투자증권,2021Q3,2021-10-22,20211022800274,15:50,장후,9,1
005940,NH투자증권,2021Q4,2022-01-21,20220121800498,16:40,장후,9,1
005940,NH투자증권,2022Q1,2022-04-21,20220421800355,15:50,장후,7,1
005940,NH투자증권,2022Q2,2022-07-25,20220725800359,16:39,장후,8,1
005940,NH투자증권,2022Q3,2022-10-27,20221027800593,16:30,장후,11,1
005940,NH투자증권,2022Q4,2023-02-01,20230201800503,16:28,장후,14,1
005940,NH투자증권,2023Q1,2023-04-27,20230427800614,16:29,장후,11,1
005940,NH투자증권,2023Q2,2023-07-27,20230727800353,14:42,장중,10,1
005940,NH투자증권,2023Q3,2023-10-26,20231026800439,16:06,장후,7,1
005940,NH투자증권,2023Q4,2024-01-26,20240126800629,16:17,장후,6,1
005940,NH투자증권,2024Q1,2024-04-25,20240425800374,15:14,마감직전,4,1
005940,NH투자증권,2024Q2,2024-07-25,20240725800486,16:15,장후,8,1
005940,NH투자증권,2024Q3,2024-10-28,20241028800424,16:27,장후,6,1
005940,NH투자증권,2024Q4,2025-01-23,20250123800386,15:27,마감직전,10,1
005940,NH투자증권,2025Q1,2025-04-24,20250424800607,16:25,장후,9,1
005940,NH투자증권,2025Q2,2025-07-31,20250731800403,15:33,장후,9,1
005940,NH투자증권,2025Q3,2025-10-30,20251030800494,15:38,장후,2,1
005940,NH투자증권,2025Q4,2026-01-29,20260129800700,16:16,장후,4,1
005940,NH투자증권,2026Q1,2026-04-23,20260423800876,17:39,장후,8,1
005940,NH투자증권,2026Q2,2026-07-23,20260723800581,16:01,장후,9,1
006800,미래에셋증권,2019Q1,2019-05-13,20190513800581,16:15,장후,17,1
006800,미래에셋증권,2019Q2,2019-08-08,20190808800363,15:53,장후,10,1
006800,미래에셋증권,2019Q3,2019-11-07,20191107800291,15:54,장후,14,1
006800,미래에셋증권,2019Q4,2020-01-30,20200130800526,16:09,장후,29,1
006800,미래에셋증권,2020Q1,2020-04-28,20200428800534,16:11,장후,25,1
006800,미래에셋증권,2020Q2,2020-08-06,20200806800059,08:29,장전,13,1
006800,미래에셋증권,2020Q3,2020-11-12,20201112800386,15:38,장후,21,1
006800,미래에셋증권,2020Q4,2021-01-28,20210128800450,16:05,장후,25,1
006800,미래에셋증권,2021Q1,2021-05-06,20210506800272,15:36,장후,9,1
006800,미래에셋증권,2021Q2,2021-08-05,20210805800250,15:37,장후,13,1
006800,미래에셋증권,2021Q3,2021-11-11,20211111800351,15:43,장후,23,1
006800,미래에셋증권,2021Q4,2022-01-27,20220127800432,15:40,장후,29,1
006800,미래에셋증권,2022Q1,2022-05-12,20220512800494,16:41,장후,15,1
006800,미래에셋증권,2022Q2,2022-08-09,20220809800257,15:39,장후,7,1
006800,미래에셋증권,2022Q3,2022-11-10,20221110800421,15:49,장후,12,1
006800,미래에셋증권,2022Q4,2023-01-26,20230126800520,17:10,장후,12,1
006800,미래에셋증권,2023Q1,2023-05-11,20230511800671,17:33,장후,9,1
006800,미래에셋증권,2023Q2,2023-08-10,20230810800629,16:32,장후,11,1
006800,미래에셋증권,2023Q3,2023-11-09,20231109800571,17:04,장후,17,1
006800,미래에셋증권,2023Q4,2024-02-06,20240206800211,13:02,장중,23,1
006800,미래에셋증권,2024Q1,2024-05-09,20240509800604,17:50,장후,16,1
006800,미래에셋증권,2024Q2,2024-08-08,20240808800065,09:21,장중,7,1
006800,미래에셋증권,2024Q3,2024-11-07,20241107800067,08:49,장전,18,1
006800,미래에셋증권,2024Q4,2025-02-07,20250207800028,08:58,장전,19,1
006800,미래에셋증권,2025Q1,2025-05-08,20250508800065,09:38,장중,6,1
006800,미래에셋증권,2025Q2,2025-08-07,20250807800040,09:34,장중,4,1
006800,미래에셋증권,2025Q3,2025-11-06,20251106800074,09:33,장중,13,1
006800,미래에셋증권,2025Q4,2026-02-09,20260209800224,10:00,장중,14,1
006800,미래에셋증권,2026Q1,2026-05-12,20260512800126,09:54,장중,14,1
006800,미래에셋증권,2026Q2,2026-08-12,20260812800085,09:18,장중,12,1
016360,삼성증권,2019Q1,2019-05-14,20190514800681,16:15,장후,15,1
016360,삼성증권,2019Q3,2019-11-08,20191108800592,17:08,장후,10,1
016360,삼성증권,2019Q4,2020-01-30,20200130800651,16:42,장후,39,1
016360,삼성증권,2020Q4,2021-01-29,20210129800671,16:19,장후,12,1
016360,삼성증권,2021Q1,2021-05-07,20210507800651,17:30,장후,7,1
016360,삼성증권,2021Q2,2021-08-06,20210806800321,16:08,장후,3,1
016360,삼성증권,2021Q3,2021-11-05,20211105800480,16:01,장후,5,1
016360,삼성증권,2021Q4,2022-01-28,20220128800945,16:25,장후,20,1
016360,삼성증권,2022Q1,2022-05-12,20220512800367,16:09,장후,5,1
016360,삼성증권,2022Q2,2022-08-11,20220811800415,15:44,장후,5,1
016360,삼성증권,2022Q3,2022-10-26,20221026800565,17:27,장후,10,1
016360,삼성증권,2022Q4,2023-01-27,20230127800603,16:27,장후,18,1
016360,삼성증권,2023Q1,2023-05-11,20230511800487,16:29,장후,7,1
016360,삼성증권,2023Q2,2023-08-08,20230808800285,15:54,장후,6,1
016360,삼성증권,2023Q3,2023-11-02,20231102800362,15:58,장후,8,1
016360,삼성증권,2023Q4,2024-01-26,20240126800802,17:03,장후,8,1
016360,삼성증권,2024Q1,2024-05-14,20240514800861,15:53,장후,1,1
016360,삼성증권,2024Q2,2024-08-08,20240808800415,15:54,장후,3,1
016360,삼성증권,2024Q3,2024-11-07,20241107800427,16:06,장후,6,1
016360,삼성증권,2024Q4,2025-01-24,20250124800866,16:16,장후,9,1
016360,삼성증권,2025Q1,2025-05-14,20250514800727,15:56,장후,4,1
016360,삼성증권,2025Q2,2025-08-08,20250808800368,15:48,장후,4,1
016360,삼성증권,2025Q3,2025-11-11,20251111800414,15:59,장후,3,1
016360,삼성증권,2025Q4,2026-01-23,20260123800528,16:36,장후,8,1
016360,삼성증권,2026Q1,2026-05-11,20260511800572,16:07,장후,8,1
016360,삼성증권,2026Q2,2026-08-04,20260804800508,16:05,장후,8,1
039490,키움증권,2019Q1,2019-05-08,20190508800505,17:13,장후,3,1
039490,키움증권,2019Q2,2019-08-14,20190814801381,15:53,장후,10,1
039490,키움증권,2019Q3,2019-11-14,20191114801274,15:49,장후,11,1
039490,키움증권,2019Q4,2020-02-11,20200211800592,16:33,장후,1,1
039490,키움증권,2020Q1,2020-05-15,20200515801517,16:10,장후,13,1
039490,키움증권,2020Q2,2020-08-04,20200804800306,16:30,장후,1,1
039490,키움증권,2020Q3,2020-11-12,20201112800487,16:11,장후,4,1
039490,키움증권,2020Q4,2021-02-09,20210209801311,17:37,장후,2,1
039490,키움증권,2021Q1,2021-05-12,20210512800386,16:22,장후,1,1
039490,키움증권,2021Q2,2021-08-10,20210810800546,17:34,장후,1,1
039490,키움증권,2021Q3,2021-11-09,20211109800452,16:33,장후,1,1
039490,키움증권,2021Q4,2022-02-11,20220211800921,16:36,장후,7,1
039490,키움증권,2022Q1,2022-05-10,20220510800314,15:51,장후,4,1
039490,키움증권,2022Q2,2022-08-09,20220809800321,16:17,장후,2,1
039490,키움증권,2022Q3,2022-11-08,20221108800511,17:36,장후,2,1
039490,키움증권,2022Q4,2023-02-10,20230210801105,17:25,장후,4,1
039490,키움증권,2023Q1,2023-05-09,20230509800599,17:43,장후,5,1
039490,키움증권,2023Q2,2023-08-08,20230808800430,17:01,장후,4,1
039490,키움증권,2023Q3,2023-11-06,20231106800562,16:53,장후,5,1
039490,키움증권,2023Q4,2024-02-14,20240214801161,16:27,장후,2,1
039490,키움증권,2024Q1,2024-05-02,20240502800038,09:10,장중,9,1
039490,키움증권,2024Q2,2024-07-31,20240731800004,08:03,장전,2,1
039490,키움증권,2024Q3,2024-10-30,20241030800005,07:59,장전,4,1
039490,키움증권,2024Q4,2025-02-05,20250205800008,07:57,장전,5,1
039490,키움증권,2025Q1,2025-04-30,20250430800017,08:01,장전,5,1
039490,키움증권,2025Q2,2025-07-30,20250730800012,08:15,장전,12,1
039490,키움증권,2025Q3,2025-10-30,20251030800012,08:06,장전,20,1
039490,키움증권,2025Q4,2026-02-04,20260204800020,08:08,장전,12,1
039490,키움증권,2026Q1,2026-04-30,20260430800012,07:51,장전,5,1
039490,키움증권,2026Q2,2026-07-30,20260730800016,07:52,장전,14,1
071050,한국금융지주,2019Q4,2020-02-06,20200206800602,16:12,장후,3,1
071050,한국금융지주,2020Q4,2021-02-10,20210210801063,15:32,장후,2,1
071050,한국금융지주,2021Q2,2021-08-02,20210802800301,16:15,장후,4,1
071050,한국금융지주,2021Q3,2021-11-02,20211102800297,16:13,장후,2,1
071050,한국금융지주,2021Q4,2022-02-10,20220210800703,15:46,장후,2,1
071050,한국금융지주,2022Q1,2022-05-04,20220504800335,15:49,장후,4,1
071050,한국금융지주,2022Q2,2022-08-02,20220802800320,16:05,장후,3,1
071050,한국금융지주,2022Q3,2022-11-09,20221109800389,15:55,장후,2,1
071050,한국금융지주,2022Q4,2023-02-09,20230209800545,15:55,장후,3,1
071050,한국금융지주,2023Q1,2023-05-04,20230504800453,16:13,장후,2,1
071050,한국금융지주,2023Q2,2023-08-04,20230804800287,15:36,장후,3,1
071050,한국금융지주,2023Q3,2023-11-09,20231109800389,16:00,장후,2,1
071050,한국금융지주,2023Q4,2024-02-15,20240215800643,15:58,장후,2,1
071050,한국금융지주,2024Q1,2024-05-07,20240507800412,16:26,장후,2,1
071050,한국금융지주,2024Q2,2024-08-05,20240805800609,15:59,장후,3,1
071050,한국금융지주,2024Q3,2024-11-06,20241106800270,15:41,장후,2,1
071050,한국금융지주,2024Q4,2025-02-13,20250213801128,16:54,장후,4,1
071050,한국금융지주,2025Q1,2025-05-14,20250514800816,16:17,장후,2,1
071050,한국금융지주,2025Q2,2025-08-06,20250806800292,15:43,장후,2,1
071050,한국금융지주,2025Q3,2025-11-11,20251111800404,15:59,장후,2,1
071050,한국금융지주,2025Q4,2026-02-11,20260211800645,14:44,장중,7,1
071050,한국금융지주,2026Q1,2026-05-14,20260514801026,16:15,장후,3,1
071050,한국금융지주,2026Q2,2026-08-06,20260806800245,14:49,장중,2,1
138040,메리츠금융지주,2019Q4,2020-01-30,20200130800660,16:44,장후,4,1
138040,메리츠금융지주,2020Q4,2021-02-08,20210208800957,17:07,장후,2,1
138040,메리츠금융지주,2021Q4,2022-02-07,20220207801124,17:11,장후,5,1
138040,메리츠금융지주,2022Q4,2023-02-02,20230202800290,16:01,장후,7,1
138040,메리츠금융지주,2023Q1,2023-05-12,20230512800666,15:54,장후,3,1
138040,메리츠금융지주,2023Q2,2023-08-14,20230814801096,15:34,장후,6,1
138040,메리츠금융지주,2023Q3,2023-11-13,20231113800500,15:35,장후,3,1
138040,메리츠금융지주,2023Q4,2024-02-07,20240207800778,15:58,장후,6,1
138040,메리츠금융지주,2024Q1,2024-05-14,20240514800771,15:39,장후,3,1
138040,메리츠금융지주,2024Q2,2024-08-14,20240814801523,15:44,장후,5,1
138040,메리츠금융지주,2024Q3,2024-11-13,20241113800482,15:43,장후,4,1
138040,메리츠금융지주,2024Q4,2025-02-06,20250206801008,17:19,장후,7,1
138040,메리츠금융지주,2025Q1,2025-05-14,20250514800603,15:34,장후,3,1
138040,메리츠금융지주,2025Q2,2025-08-13,20250813800611,15:47,장후,4,1
138040,메리츠금융지주,2025Q3,2025-11-14,20251114801586,15:43,장후,5,1
138040,메리츠금융지주,2025Q4,2026-02-09,20260209801098,16:09,장후,8,1
138040,메리츠금융지주,2026Q1,2026-05-14,20260514800837,15:43,장후,4,1
138040,메리츠금융지주,2026Q2,2026-08-12,20260812800531,15:45,장후,4,1
