design,sector,sample,variable,smd,n
A,bank,all_candidates,log_mcap,0.5303668822535014,101
A,bank,all_candidates,vol60,-0.5515503082304261,101
A,bank,all_candidates,sue,-0.45186265599660275,101
A,bank,matched,log_mcap,0.5105115849523142,101
A,bank,matched,vol60,-0.5398905534703232,101
A,bank,matched,sue,-0.4551427312858358,101
A,securities,all_candidates,log_mcap,-0.4972233828431136,70
A,securities,all_candidates,vol60,-0.02162380747405087,70
A,securities,all_candidates,sue,0.05732789260691417,70
A,securities,matched,log_mcap,-0.5503434007522209,70
A,securities,matched,vol60,-0.031051676924138724,70
A,securities,matched,sue,0.037751878239169714,70
B_high,bank,all_candidates,log_mcap,0.2266478683301849,56
B_high,bank,all_candidates,vol60,0.1482415162419281,56
B_high,bank,matched,log_mcap,0.08449020341514214,56
B_high,bank,matched,vol60,0.12556839568440964,56
B_low,bank,all_candidates,log_mcap,0.03189283838276055,61
B_low,bank,all_candidates,vol60,-0.18465146840633334,61
B_low,bank,matched,log_mcap,-0.08777574103663512,61
B_low,bank,matched,vol60,-0.19688005151791463,61
B_high,securities,all_candidates,log_mcap,0.14325053505924457,15
B_high,securities,all_candidates,vol60,-0.03857357291641762,15
B_high,securities,matched,log_mcap,0.10013736217029719,15
B_high,securities,matched,vol60,-0.038689065028600034,15
B_low,securities,all_candidates,log_mcap,0.23776692455367104,17
B_low,securities,all_candidates,vol60,-0.7929490156649043,17
B_low,securities,matched,log_mcap,0.21268896528344794,17
B_low,securities,matched,vol60,-0.8120045435798237,17
