design,sector,outcome,n_events,n_firms,n_quarters,treat_change_pct,ctrl_change_pct,did_pct,se_firm,p_firm,p_quarter,placebo_pct,placebo_p_quarter,pretrend_pct,pretrend_p_quarter
A,bank,ret,101,9,21,-0.09570011406851021,0.14471115351333305,-0.2404112675818432,0.2197556535127027,0.37890625,0.47025,0.16377681567622945,0.3936,-0.15249812056665932,0.5431
A,bank,abs_ret,101,9,21,1.2309744461687355,0.0817122376571138,1.149262208511622,0.18826131199468998,0.00390625,0.00015,-0.33273762709316757,0.1105,-0.03250407466503576,0.856
A,bank,abn_vol,101,9,21,44.062683300457515,5.6992340807491555,38.363449219708365,5.241505865004326,0.00390625,0.0,-1.8683380348299052,0.74405,3.099050676548099,0.637
A,securities,ret,70,7,23,0.29089749859422437,0.40005840566275547,-0.10916090706853117,0.35293057699051705,0.8125,0.73665,0.20472225098562813,0.26275,-0.3722348824242959,0.0417
A,securities,abs_ret,70,7,23,0.4571653175293881,-0.13761044377797144,0.5947757613073597,0.16617878731467214,0.046875,0.01385,0.06661117694742974,0.61035,0.009622475741226827,0.9536
A,securities,abn_vol,70,7,23,24.223573141576697,1.7772181070829358,22.446355034493763,4.86659942180608,0.0625,0.0003,-3.9324848770640646,0.3197,-5.391852043705116,0.19885
B_high,bank,ret,56,9,23,0.4075315550335001,0.6256261674938474,-0.21809461246034728,0.36330748419811437,0.58203125,0.68635,-0.3773559431978654,0.32055,0.29564984584231346,0.27785
B_high,bank,abs_ret,56,9,23,0.6735186566362562,0.7990653062762557,-0.12554664963999945,0.3702150806341613,0.75,0.7038,-0.2701939752741867,0.09055,0.14026881585449902,0.32175
B_high,bank,abn_vol,56,9,23,44.674794950387756,38.59082639796429,6.083968552423471,18.34147139165623,0.96875,0.52955,-5.403926631335124,0.43015,-0.8072000812257254,0.90115
B_low,bank,ret,61,8,23,-1.070212951978692,0.7106835215114479,-1.7808964734901405,0.5081494008432526,0.03125,0.00585,0.10847516354976953,0.65395,0.30896178072278996,0.2439
B_low,bank,abs_ret,61,8,23,1.3272370577451393,0.7943699060906501,0.5328671516544895,0.522079558799228,0.40625,0.16995,-0.051380342438338215,0.70445,0.14932469482584917,0.34525
B_low,bank,abn_vol,61,8,23,44.897296834467,44.33427100561007,0.5630258288569154,7.89372848491751,0.9609375,0.93155,8.083635834125465,0.0687,8.164386926576862,0.1995
B_high,securities,ret,15,7,9,-1.2159808016668843,-0.8784494982931363,-0.3375313033737478,0.930138348670315,0.71875,0.71875,0.9149693652062909,0.07421875,0.850862199210174,0.47265625
B_high,securities,abs_ret,15,7,9,1.1710143097911385,0.5249037669649025,0.6461105428262361,0.5284696184792279,0.3125,0.22265625,-0.1771481700108763,0.625,0.4233729579030841,0.625
B_high,securities,abn_vol,15,7,9,39.73207800587032,29.356014490919364,10.376063514950948,12.793410151780845,0.46875,0.453125,-3.297709374308656,0.81640625,8.58032899721982,0.5234375
B_low,securities,ret,17,6,9,0.38524773969128273,1.0830691810767108,-0.697821441385428,0.932540203985611,0.59375,0.71875,1.0396768772393012,0.21484375,-0.16361026295116718,0.8125
B_low,securities,abs_ret,17,6,9,1.9680147367337721,1.136725505985712,0.83128923074806,0.6770138970654627,0.3125,0.3046875,-0.6473615677608148,0.0625,0.2712420455105512,0.55078125
B_low,securities,abn_vol,17,6,9,42.01659126117877,47.670313810443226,-5.653722549264461,10.38421362444051,0.6875,0.703125,-10.566043242543874,0.4765625,7.7578943749996245,0.53125
